LAT,LON,YEAR,MONTH,T2M_MAX,T2M_MIN,PRECTOTCORR,RH2M,ALLSKY_SFC_SW_DWN,WS2M,TS,EVLAND,GWETROOT
13.5,122.5,1990,JAN,28.64,22.74,4.94,82.9,17.15,5.45,25.8,4.23,0.87
14.5,122.5,1990,JAN,26.93,24.32,6.44,82.64,15.47,6.14,25.6,4.04,0.94
15.5,122.5,1990,JAN,26.81,24.3,2.75,81.38,15.68,6.11,26.01,,
13.5,122.5,1991,JAN,28.43,23.19,2.55,80.63,16.95,5.81,25.8,4.27,0.87
14.5,122.5,1991,JAN,27.02,24.75,3.17,79.14,15.25,6.5,26.08,3.97,0.9
15.5,122.5,1991,JAN,26.5,24.76,1.67,78.25,15.11,6.26,26.25,,
13.5,122.5,1992,JAN,28.18,22.56,4.19,81.62,17.02,4.83,25.81,4.11,0.89
14.5,122.5,1992,JAN,27.68,23.98,3.65,79.56,15.5,5.88,26.21,3.77,0.89
15.5,122.5,1992,JAN,26.93,24.32,2.05,79.25,15.75,6.08,26.4,,
13.5,122.5,1993,JAN,28.23,22.32,5.14,81.04,16.29,5.62,25.47,4.18,0.88
14.5,122.5,1993,JAN,26.84,23.18,5.54,79.12,14.26,6.68,26.06,3.58,0.85
15.5,122.5,1993,JAN,26.49,22.8,2.15,78.6,16.45,6.76,26.14,,
13.5,122.5,1994,JAN,28.02,23.44,8.06,84.07,16.01,5.09,25.86,4.28,0.97
14.5,122.5,1994,JAN,27.07,24.71,8.79,82.74,14.44,5.95,25.9,4.14,0.98
15.5,122.5,1994,JAN,26.77,24.57,5.11,81.82,14.05,6.32,26.09,,
13.5,122.5,1995,JAN,28.17,23.1,4.41,81.2,15.74,5.95,25.63,4.36,0.88
14.5,122.5,1995,JAN,27.02,24.44,5.1,79.73,14.47,6.88,25.96,4.21,0.93
15.5,122.5,1995,JAN,26.52,24.82,3.22,78.36,14.36,7.01,26.17,,
13.5,122.5,1996,JAN,28.08,22.71,6.38,84.8,12.99,6.39,25.54,3.87,0.96
14.5,122.5,1996,JAN,26.55,24.0,7.94,82.62,13.42,7.2,25.72,4.08,0.98
15.5,122.5,1996,JAN,26.37,24.3,3.35,81.02,14.53,7.17,26.11,,
13.5,122.5,1997,JAN,28.05,22.37,2.05,79.45,16.28,5.68,25.36,3.92,0.83
14.5,122.5,1997,JAN,26.23,24.15,3.71,78.03,15.31,6.38,25.82,3.68,0.88
15.5,122.5,1997,JAN,26.05,24.17,1.66,77.41,14.59,6.25,25.87,,
13.5,122.5,1998,JAN,29.35,23.21,2.03,76.89,16.24,5.08,26.63,3.6,0.72
14.5,122.5,1998,JAN,28.81,25.19,2.31,76.13,16.05,5.88,26.97,3.42,0.8
15.5,122.5,1998,JAN,27.71,25.3,1.06,76.83,16.52,5.73,26.81,,
13.5,122.5,1999,JAN,29.36,24.74,14.43,84.0,13.43,6.41,26.76,4.4,0.99
14.5,122.5,1999,JAN,27.92,25.86,18.83,81.43,12.68,7.29,26.98,4.54,1.0
15.5,122.5,1999,JAN,28.25,25.92,6.79,79.16,13.26,7.55,27.7,,
13.5,122.5,2000,JAN,28.66,22.69,7.32,82.2,15.52,6.12,26.08,4.53,0.96
14.5,122.5,2000,JAN,27.41,23.89,7.79,79.75,14.84,6.86,26.28,4.7,0.98
15.5,122.5,2000,JAN,27.39,24.08,3.84,78.36,15.46,6.88,26.79,,
13.5,122.5,2001,JAN,29.25,23.48,4.95,82.85,14.91,5.46,26.95,4.09,0.95
14.5,122.5,2001,JAN,28.31,24.82,5.87,81.17,14.38,6.28,27.18,4.23,0.97
15.5,122.5,2001,JAN,28.48,25.0,2.33,79.5,14.54,6.39,27.59,,
13.5,122.5,2002,JAN,29.01,22.52,3.22,81.54,15.74,6.03,25.81,4.37,0.89
14.5,122.5,2002,JAN,27.05,23.93,5.53,80.19,15.11,6.78,26.18,4.22,0.94
15.5,122.5,2002,JAN,27.27,24.04,3.29,79.03,15.05,6.73,26.53,,
13.5,122.5,2003,JAN,28.23,23.27,2.56,80.41,16.25,6.57,25.96,4.37,0.87
14.5,122.5,2003,JAN,27.14,24.65,4.3,77.89,14.94,7.17,26.56,4.4,0.93
15.5,122.5,2003,JAN,27.13,24.61,1.58,76.3,14.85,7.13,26.87,,
13.5,122.5,2004,JAN,28.68,23.63,2.9,83.52,16.13,5.44,26.05,4.05,0.84
14.5,122.5,2004,JAN,26.87,24.36,4.04,82.97,14.54,6.0,25.94,4.11,0.95
15.5,122.5,2004,JAN,26.61,24.02,2.26,81.38,14.61,5.98,26.38,,
13.5,122.5,2005,JAN,28.01,22.95,3.59,80.62,16.35,5.38,25.56,4.28,0.88
14.5,122.5,2005,JAN,26.61,24.2,4.25,78.84,13.93,5.95,25.86,4.05,0.92
15.5,122.5,2005,JAN,26.28,23.86,1.71,77.59,14.82,5.77,25.99,,
13.5,122.5,2006,JAN,28.51,23.28,6.72,85.84,15.0,5.12,26.11,4.13,0.97
14.5,122.5,2006,JAN,27.04,24.48,12.23,85.59,13.58,5.61,26.07,4.11,0.98
15.5,122.5,2006,JAN,27.05,24.64,7.22,83.36,14.44,5.52,26.4,,
13.5,122.5,2007,JAN,28.51,22.89,6.62,83.24,14.73,5.95,26.08,4.64,0.96
14.5,122.5,2007,JAN,27.65,23.6,6.11,80.41,13.79,6.92,26.66,4.67,0.97
15.5,122.5,2007,JAN,27.51,23.51,2.07,79.72,13.94,7.06,27.14,,
13.5,122.5,2008,JAN,28.74,23.6,12.0,85.19,14.15,5.83,25.98,4.21,0.99
14.5,122.5,2008,JAN,27.18,24.72,14.86,82.5,12.99,6.72,26.38,4.4,0.99
15.5,122.5,2008,JAN,27.31,24.71,5.92,81.11,14.06,6.8,26.96,,
13.5,122.5,2009,JAN,28.25,22.32,7.47,85.76,12.78,7.12,25.51,3.99,0.98
14.5,122.5,2009,JAN,26.66,23.15,13.5,83.78,10.72,7.94,25.76,4.31,1.0
15.5,122.5,2009,JAN,26.75,23.11,4.8,82.23,11.4,8.38,26.4,,
13.5,122.5,2010,JAN,28.39,23.29,6.59,83.02,14.16,5.92,25.94,4.21,0.88
14.5,122.5,2010,JAN,26.82,24.2,6.41,81.24,12.98,6.67,26.33,3.98,0.91
15.5,122.5,2010,JAN,26.7,24.14,2.73,79.97,14.68,6.7,26.78,,
13.5,122.5,2011,JAN,27.78,23.18,9.36,84.3,13.63,6.56,25.83,3.72,0.99
14.5,122.5,2011,JAN,27.12,23.82,17.49,81.03,11.95,7.43,26.33,4.22,1.0
15.5,122.5,2011,JAN,26.97,23.49,8.44,79.82,11.18,7.75,26.92,,
13.5,122.5,2012,JAN,28.73,24.22,11.69,85.16,14.61,5.44,26.47,4.23,0.98
14.5,122.5,2012,JAN,27.56,25.49,10.82,82.27,12.63,6.33,26.68,4.49,0.99
15.5,122.5,2012,JAN,27.77,25.68,4.17,79.94,13.61,6.4,27.27,,
13.5,122.5,2013,JAN,28.85,23.23,6.61,83.27,13.99,6.5,25.95,4.29,0.96
14.5,122.5,2013,JAN,28.16,24.42,8.89,79.86,12.74,7.22,26.68,4.58,0.98
15.5,122.5,2013,JAN,28.19,24.6,4.11,78.54,13.94,7.22,27.31,,
13.5,122.5,2014,JAN,28.32,21.43,2.67,80.38,14.08,7.57,25.23,4.29,0.92
14.5,122.5,2014,JAN,27.07,22.87,8.92,77.49,13.12,7.87,25.77,4.65,0.97
15.5,122.5,2014,JAN,27.03,23.28,3.57,76.23,14.07,7.81,26.62,,
13.5,122.5,2015,JAN,27.86,23.07,6.59,83.43,13.98,6.53,25.27,4.51,0.96
14.5,122.5,2015,JAN,27.21,24.05,7.29,80.49,12.8,7.25,25.86,4.39,0.97
15.5,122.5,2015,JAN,26.75,24.27,3.19,78.8,13.18,7.31,26.47,,
13.5,122.5,2016,JAN,29.4,23.63,4.39,82.0,16.88,5.11,26.85,4.51,0.91
14.5,122.5,2016,JAN,27.91,24.62,4.3,81.25,15.69,5.82,27.29,4.12,0.94
15.5,122.5,2016,JAN,27.84,24.18,2.01,80.32,16.54,5.5,27.5,,
13.5,122.5,2017,JAN,28.56,23.83,10.67,84.96,12.48,6.53,25.94,4.17,0.98
14.5,122.5,2017,JAN,27.59,25.33,10.99,81.34,11.51,7.47,26.61,4.47,0.99
15.5,122.5,2017,JAN,27.55,25.11,6.28,79.54,12.98,7.48,26.97,,
13.5,122.5,2018,JAN,28.86,23.92,13.49,86.61,12.72,6.0,26.3,3.9,0.99
14.5,122.5,2018,JAN,27.33,24.71,16.31,84.1,12.1,6.81,26.69,4.08,1.0
15.5,122.5,2018,JAN,27.47,24.28,7.01,82.58,12.82,6.78,27.11,,
13.5,122.5,2019,JAN,28.21,22.82,3.17,80.18,16.5,6.62,25.77,4.71,0.94
14.5,122.5,2019,JAN,27.35,24.51,4.93,77.4,15.5,7.47,26.63,4.67,0.95
15.5,122.5,2019,JAN,27.33,24.91,2.23,76.88,15.11,7.32,27.08,,
13.5,122.5,2020,JAN,29.21,24.01,6.65,81.97,15.42,5.54,26.71,4.58,0.94
14.5,122.5,2020,JAN,28.52,25.31,5.13,79.64,14.73,6.47,27.23,4.45,0.95
15.5,122.5,2020,JAN,27.72,25.07,2.03,78.62,15.48,6.49,27.56,,
13.5,122.5,2021,JAN,29.13,23.92,11.16,85.11,13.47,6.76,26.5,4.21,0.99
14.5,122.5,2021,JAN,28.26,24.8,13.39,82.3,11.97,7.66,26.92,4.38,0.99
15.5,122.5,2021,JAN,28.63,24.66,6.2,81.04,12.21,8.03,27.66,,
13.5,122.5,2022,JAN,28.66,23.28,4.62,81.8,16.67,5.39,26.32,4.14,0.92
14.5,122.5,2022,JAN,28.04,24.65,5.83,80.08,15.46,6.13,26.75,4.01,0.94
15.5,122.5,2022,JAN,27.81,25.17,2.62,78.87,15.49,6.11,27.18,,
13.5,122.5,2023,JAN,28.56,23.62,18.85,86.87,11.07,6.77,26.0,3.69,1.0
14.5,122.5,2023,JAN,27.7,24.37,19.18,83.74,11.01,7.74,26.44,4.27,1.0
15.5,122.5,2023,JAN,27.86,24.18,6.72,81.4,12.61,7.94,27.08,,
13.5,122.5,2024,JAN,29.12,23.57,6.16,82.54,14.14,6.21,26.53,4.66,0.96
14.5,122.5,2024,JAN,27.93,24.98,4.65,79.92,13.26,7.05,27.13,4.43,0.95
15.5,122.5,2024,JAN,28.05,25.03,1.6,79.08,14.34,7.11,27.41,,
13.5,122.5,2025,JAN,28.89,24.31,15.31,86.45,13.3,5.61,26.65,4.22,0.99
14.5,122.5,2025,JAN,27.43,25.19,12.47,85.07,11.68,6.63,26.76,4.17,0.99
15.5,122.5,2025,JAN,27.56,24.87,4.54,83.85,12.76,7.05,27.08,,
13.5,122.5,1990,FEB,29.43,23.5,1.35,78.44,20.51,4.92,26.56,4.32,0.77
14.5,122.5,1990,FEB,26.78,24.76,1.26,80.24,19.74,5.6,26.19,4.16,0.88
15.5,122.5,1990,FEB,26.62,24.92,0.54,79.79,20.04,5.26,26.3,,
13.5,122.5,1991,FEB,29.4,23.63,3.39,78.57,18.5,5.16,26.8,4.02,0.75
14.5,122.5,1991,FEB,27.36,24.62,5.1,79.37,16.54,6.08,26.78,3.99,0.85
15.5,122.5,1991,FEB,26.97,24.43,2.67,79.38,16.32,5.83,26.7,,
13.5,122.5,1992,FEB,28.98,22.56,1.74,77.17,19.49,4.9,26.49,4.28,0.8
14.5,122.5,1992,FEB,28.44,23.7,1.8,77.04,18.27,5.69,26.66,3.72,0.82
15.5,122.5,1992,FEB,27.4,23.88,1.02,78.29,18.69,5.5,26.61,,
13.5,122.5,1993,FEB,28.69,22.33,2.21,81.96,18.82,5.43,25.76,4.27,0.8
14.5,122.5,1993,FEB,26.64,23.69,2.75,81.41,17.47,6.23,25.84,3.93,0.86
15.5,122.5,1993,FEB,26.05,23.8,1.13,81.3,17.56,6.13,25.73,,
13.5,122.5,1994,FEB,28.76,23.6,2.27,80.18,19.22,4.82,26.4,4.73,0.89
14.5,122.5,1994,FEB,27.39,24.63,3.3,80.0,16.95,5.69,26.31,4.44,0.92
15.5,122.5,1994,FEB,26.57,24.62,1.72,79.51,17.13,5.46,26.27,,
13.5,122.5,1995,FEB,28.93,22.71,3.49,79.0,19.89,5.09,26.31,4.4,0.81
14.5,122.5,1995,FEB,26.77,23.74,4.62,79.63,17.8,5.96,26.23,4.33,0.91
15.5,122.5,1995,FEB,26.31,23.48,1.97,79.09,17.56,5.77,26.3,,
13.5,122.5,1996,FEB,28.84,22.46,2.77,81.49,15.92,6.83,25.55,4.79,0.89
14.5,122.5,1996,FEB,26.95,23.32,4.36,79.98,16.22,7.6,25.83,4.72,0.94
15.5,122.5,1996,FEB,26.59,22.97,2.08,79.4,17.49,7.57,26.09,,
13.5,122.5,1997,FEB,29.07,22.73,5.87,80.2,16.21,5.84,26.43,4.02,0.75
14.5,122.5,1997,FEB,26.9,24.1,5.72,80.92,16.38,6.68,26.14,4.06,0.87
15.5,122.5,1997,FEB,26.33,24.04,2.85,81.02,16.74,6.54,25.79,,
13.5,122.5,1998,FEB,30.38,23.92,0.73,74.87,19.86,3.94,28.39,3.11,0.62
14.5,122.5,1998,FEB,28.59,25.54,1.07,77.82,19.25,4.68,27.72,2.95,0.73
15.5,122.5,1998,FEB,27.42,25.49,0.4,78.39,20.04,4.12,27.38,,
13.5,122.5,1999,FEB,29.27,23.0,6.44,79.93,15.82,7.05,26.01,5.26,0.93
14.5,122.5,1999,FEB,27.21,24.08,6.65,77.68,14.85,7.71,26.35,5.11,0.95
15.5,122.5,1999,FEB,26.95,24.22,2.12,76.18,16.51,7.75,26.86,,
13.5,122.5,2000,FEB,29.45,23.5,10.51,86.72,14.24,5.5,26.08,4.26,0.98
14.5,122.5,2000,FEB,27.21,24.27,12.42,85.21,14.62,6.41,26.4,4.22,0.98
15.5,122.5,2000,FEB,26.98,24.0,6.63,84.06,14.55,6.41,26.53,,
13.5,122.5,2001,FEB,29.25,23.88,9.71,83.09,16.07,5.87,26.79,4.74,0.95
14.5,122.5,2001,FEB,28.59,24.99,9.84,82.68,15.78,6.68,26.78,4.65,0.98
15.5,122.5,2001,FEB,27.7,25.12,4.95,81.97,16.08,7.04,27.02,,
13.5,122.5,2002,FEB,28.71,22.99,3.3,78.33,18.16,5.8,26.0,4.46,0.81
14.5,122.5,2002,FEB,26.84,23.66,3.78,77.55,17.17,6.51,26.11,4.25,0.87
15.5,122.5,2002,FEB,26.83,24.18,1.99,77.01,16.42,6.42,26.48,,
13.5,122.5,2003,FEB,28.99,23.07,1.47,77.36,19.55,5.72,26.36,4.02,0.72
14.5,122.5,2003,FEB,26.88,24.48,2.22,78.37,19.17,6.35,26.51,3.99,0.84
15.5,122.5,2003,FEB,26.69,24.66,0.91,77.68,19.32,6.16,26.67,,
13.5,122.5,2004,FEB,28.81,22.66,3.29,80.69,17.61,5.35,26.35,3.56,0.73
14.5,122.5,2004,FEB,27.51,24.05,7.48,81.41,16.09,5.94,26.25,3.97,0.91
15.5,122.5,2004,FEB,26.62,24.27,4.24,80.99,16.17,5.96,26.34,,
13.5,122.5,2005,FEB,29.66,22.51,2.37,79.74,18.93,4.43,26.66,4.04,0.74
14.5,122.5,2005,FEB,28.15,24.64,2.0,80.31,17.72,5.2,26.41,3.65,0.81
15.5,122.5,2005,FEB,26.65,24.93,0.89,79.95,18.5,4.96,26.31,,
13.5,122.5,2006,FEB,28.96,23.77,5.07,82.91,17.39,5.93,26.3,5.02,0.93
14.5,122.5,2006,FEB,27.4,24.85,5.72,81.22,15.94,6.75,26.44,5.01,0.97
15.5,122.5,2006,FEB,27.28,24.88,2.58,79.88,16.91,6.59,26.62,,
13.5,122.5,2007,FEB,29.39,22.9,1.78,80.5,19.59,4.95,26.36,4.54,0.83
14.5,122.5,2007,FEB,27.76,24.15,1.94,79.64,18.1,5.75,26.56,3.94,0.87
15.5,122.5,2007,FEB,27.43,24.27,0.9,78.84,17.74,5.57,26.91,,
13.5,122.5,2008,FEB,28.64,23.77,18.89,84.86,13.23,6.49,26.13,4.26,0.96
14.5,122.5,2008,FEB,27.47,25.06,18.73,81.79,11.05,7.57,26.75,4.45,0.97
15.5,122.5,2008,FEB,27.42,25.06,7.25,80.2,12.56,7.69,27.26,,
13.5,122.5,2009,FEB,29.01,23.78,7.15,85.15,16.0,5.24,26.21,4.26,0.95
14.5,122.5,2009,FEB,27.7,24.56,8.95,84.07,15.04,5.85,26.2,4.3,0.99
15.5,122.5,2009,FEB,27.76,24.71,4.66,81.72,17.04,5.83,26.57,,
13.5,122.5,2010,FEB,29.48,23.41,0.39,77.94,21.32,3.97,26.99,4.16,0.76
14.5,122.5,2010,FEB,27.46,24.62,0.42,79.93,20.81,4.57,27.0,3.57,0.82
15.5,122.5,2010,FEB,26.97,25.09,0.35,79.61,20.46,3.9,27.12,,
13.5,122.5,2011,FEB,29.25,23.1,7.15,82.8,17.17,5.52,26.02,4.34,0.96
14.5,122.5,2011,FEB,27.78,24.31,7.34,81.83,15.61,6.01,26.25,4.5,0.97
15.5,122.5,2011,FEB,27.03,24.38,2.52,81.0,16.72,6.07,26.51,,
13.5,122.5,2012,FEB,29.21,23.74,11.13,84.55,16.62,5.09,26.4,4.23,0.98
14.5,122.5,2012,FEB,27.61,25.24,14.38,83.14,14.83,6.01,26.59,4.32,0.99
15.5,122.5,2012,FEB,27.72,25.64,7.6,80.81,14.82,6.04,27.2,,
13.5,122.5,2013,FEB,28.97,24.35,8.33,82.74,17.07,6.21,26.43,4.75,0.9
14.5,122.5,2013,FEB,27.34,25.69,7.98,81.73,16.61,6.81,26.58,4.73,0.94
15.5,122.5,2013,FEB,27.34,25.77,4.03,80.49,18.22,6.68,27.01,,
13.5,122.5,2014,FEB,29.05,22.83,2.17,78.95,19.03,4.77,26.26,4.01,0.77
14.5,122.5,2014,FEB,27.43,24.03,3.08,79.98,17.38,5.26,26.01,4.06,0.9
15.5,122.5,2014,FEB,27.35,23.74,1.42,79.55,17.93,5.03,26.15,,
13.5,122.5,2015,FEB,28.74,22.85,3.39,80.09,18.8,5.48,25.69,4.67,0.86
14.5,122.5,2015,FEB,26.97,24.17,3.28,78.59,17.2,6.04,25.89,4.16,0.89
15.5,122.5,2015,FEB,26.8,24.36,1.59,77.56,17.48,5.89,26.26,,
13.5,122.5,2016,FEB,28.73,23.52,6.4,82.63,18.17,5.73,26.35,4.65,0.88
14.5,122.5,2016,FEB,27.68,24.59,5.42,80.79,16.21,6.54,26.81,4.23,0.9
15.5,122.5,2016,FEB,27.73,24.24,1.81,79.9,16.65,6.41,26.94,,
13.5,122.5,2017,FEB,28.46,22.29,4.23,82.7,17.04,6.05,25.79,4.66,0.93
14.5,122.5,2017,FEB,27.0,23.89,6.34,81.06,15.19,6.85,26.15,4.64,0.97
15.5,122.5,2017,FEB,27.05,24.05,3.01,79.3,15.73,6.9,26.43,,
13.5,122.5,2018,FEB,29.05,24.05,6.86,83.2,17.42,5.06,26.68,4.75,0.96
14.5,122.5,2018,FEB,27.39,25.09,6.26,82.65,16.26,5.85,26.83,4.58,0.97
15.5,122.5,2018,FEB,27.71,25.03,2.15,82.28,17.58,5.91,27.21,,
13.5,122.5,2019,FEB,28.77,22.76,0.9,76.19,20.74,4.91,26.2,4.34,0.77
14.5,122.5,2019,FEB,27.09,24.28,1.44,76.2,19.71,5.55,26.49,4.01,0.85
15.5,122.5,2019,FEB,27.02,24.53,0.95,75.83,20.64,4.95,26.62,,
13.5,122.5,2020,FEB,28.67,23.19,8.02,80.35,18.15,6.51,26.07,5.06,0.9
14.5,122.5,2020,FEB,27.43,24.56,11.75,78.87,16.52,7.21,26.62,4.9,0.93
15.5,122.5,2020,FEB,27.34,24.51,2.21,78.19,17.58,7.03,26.97,,
13.5,122.5,2021,FEB,29.14,22.66,10.67,83.27,16.7,5.54,26.48,4.64,0.97
14.5,122.5,2021,FEB,27.75,23.89,9.97,82.26,15.3,6.2,26.6,4.53,0.97
15.5,122.5,2021,FEB,27.58,24.07,3.36,81.28,15.49,6.33,26.89,,
13.5,122.5,2022,FEB,29.09,24.5,7.22,83.13,16.56,5.77,26.75,4.71,0.93
14.5,122.5,2022,FEB,27.73,25.81,6.88,81.97,16.19,6.51,26.95,4.52,0.96
15.5,122.5,2022,FEB,27.46,25.83,3.21,81.3,17.09,6.37,27.13,,
13.5,122.5,2023,FEB,28.77,24.18,8.59,84.29,15.79,6.18,26.26,4.85,0.96
14.5,122.5,2023,FEB,27.4,25.35,7.68,82.26,15.11,6.8,26.47,4.61,0.96
15.5,122.5,2023,FEB,27.8,25.29,3.49,80.66,16.79,6.97,27.1,,
13.5,122.5,2024,FEB,29.5,23.94,2.08,79.88,19.25,5.46,26.68,4.66,0.83
14.5,122.5,2024,FEB,27.93,24.91,1.88,78.57,18.64,6.33,27.07,4.01,0.84
15.5,122.5,2024,FEB,27.47,25.21,0.82,78.59,19.62,6.05,27.32,,
13.5,122.5,2025,FEB,29.15,23.95,12.07,84.22,16.05,5.29,26.86,4.6,0.98
14.5,122.5,2025,FEB,28.12,25.21,10.92,83.03,14.41,6.34,26.88,4.52,0.99
15.5,122.5,2025,FEB,27.5,24.94,5.84,82.28,14.67,6.51,26.99,,
13.5,122.5,1990,MAR,30.65,23.65,1.7,73.94,22.39,4.77,27.89,3.59,0.63
14.5,122.5,1990,MAR,27.86,25.01,1.61,76.91,20.72,5.49,27.13,3.38,0.74
15.5,122.5,1990,MAR,27.09,25.19,0.57,77.76,20.23,5.14,26.83,,
13.5,122.5,1991,MAR,30.04,23.24,2.77,74.78,21.63,5.02,27.44,4.16,0.69
14.5,122.5,1991,MAR,27.7,24.93,2.04,77.28,21.05,5.65,27.08,3.98,0.81
15.5,122.5,1991,MAR,28.09,24.97,0.72,77.31,21.99,5.09,26.98,,
13.5,122.5,1992,MAR,30.92,23.77,0.7,72.91,22.24,4.56,28.59,3.38,0.61
14.5,122.5,1992,MAR,28.1,24.83,1.08,77.83,21.51,5.4,27.54,2.85,0.69
15.5,122.5,1992,MAR,27.52,25.01,0.92,78.74,21.9,4.75,27.38,,
13.5,122.5,1993,MAR,30.37,23.57,1.96,75.15,20.36,4.86,27.31,3.99,0.69
14.5,122.5,1993,MAR,28.71,24.46,2.56,77.35,20.05,5.73,26.64,3.8,0.79
15.5,122.5,1993,MAR,27.12,24.1,1.02,77.82,20.42,5.44,26.23,,
13.5,122.5,1994,MAR,29.96,23.91,2.92,78.95,19.74,5.58,27.49,4.54,0.74
14.5,122.5,1994,MAR,27.91,25.19,3.03,79.73,18.9,6.33,27.12,4.07,0.82
15.5,122.5,1994,MAR,27.78,25.1,2.07,79.83,18.94,6.12,27.07,,
13.5,122.5,1995,MAR,30.71,23.18,0.51,73.97,20.99,4.83,27.83,3.4,0.62
14.5,122.5,1995,MAR,27.6,24.2,2.33,77.3,20.19,5.56,26.95,3.78,0.79
15.5,122.5,1995,MAR,27.14,23.96,1.58,77.06,19.89,5.04,26.81,,
13.5,122.5,1996,MAR,30.04,23.53,4.08,81.94,19.1,5.33,26.86,4.34,0.81
14.5,122.5,1996,MAR,28.44,24.42,3.98,81.63,19.64,6.0,26.67,4.13,0.88
15.5,122.5,1996,MAR,27.76,24.3,1.4,80.3,20.08,5.72,26.9,,
13.5,122.5,1997,MAR,30.63,22.71,1.8,76.76,20.34,4.48,27.05,4.24,0.73
14.5,122.5,1997,MAR,28.1,24.02,2.71,78.58,20.1,5.19,26.54,4.19,0.84
15.5,122.5,1997,MAR,27.24,24.12,1.24,78.5,20.39,5.04,26.41,,
13.5,122.5,1998,MAR,31.32,24.22,1.2,69.06,20.87,5.04,29.3,2.47,0.51
14.5,122.5,1998,MAR,29.47,25.43,1.6,74.21,20.79,5.63,28.18,2.57,0.64
15.5,122.5,1998,MAR,27.95,25.69,0.98,75.33,21.15,5.2,27.85,,
13.5,122.5,1999,MAR,29.91,24.79,10.57,83.87,18.05,4.69,27.56,4.49,0.94
14.5,122.5,1999,MAR,28.69,25.05,12.89,83.67,17.88,5.18,27.33,4.52,0.96
15.5,122.5,1999,MAR,28.18,24.28,7.3,82.81,18.87,4.82,27.3,,
13.5,122.5,2000,MAR,29.53,24.75,8.58,85.74,15.92,4.86,27.14,4.15,0.96
14.5,122.5,2000,MAR,27.86,25.88,12.94,85.3,15.27,5.73,27.03,4.16,0.98
15.5,122.5,2000,MAR,28.02,25.84,6.94,83.72,15.46,5.84,27.1,,
13.5,122.5,2001,MAR,29.76,24.91,5.25,82.04,19.14,4.99,27.67,4.57,0.92
14.5,122.5,2001,MAR,29.9,25.69,6.42,81.09,18.52,5.76,27.63,4.48,0.95
15.5,122.5,2001,MAR,29.44,25.81,4.35,80.08,19.57,5.74,27.92,,
13.5,122.5,2002,MAR,30.4,22.75,3.04,78.79,20.35,5.3,27.27,4.14,0.7
14.5,122.5,2002,MAR,28.21,23.62,3.35,80.56,20.22,5.99,26.68,3.95,0.81
15.5,122.5,2002,MAR,27.47,23.56,1.29,79.85,21.34,5.6,26.8,,
13.5,122.5,2003,MAR,30.96,23.64,1.11,75.18,21.41,4.92,28.43,3.08,0.58
14.5,122.5,2003,MAR,27.96,24.64,1.56,79.41,20.67,5.63,27.23,3.06,0.72
15.5,122.5,2003,MAR,27.44,24.52,0.67,78.92,21.01,5.16,26.91,,
13.5,122.5,2004,MAR,30.96,24.0,3.5,80.12,19.78,4.52,27.84,4.17,0.71
14.5,122.5,2004,MAR,28.16,25.22,4.43,82.63,19.24,5.03,27.17,4.7,0.91
15.5,122.5,2004,MAR,27.83,24.72,1.76,81.99,19.85,5.13,27.32,,
13.5,122.5,2005,MAR,31.15,23.59,3.12,77.41,20.73,5.12,27.83,3.56,0.65
14.5,122.5,2005,MAR,28.41,24.1,4.69,80.76,18.95,5.68,26.91,3.6,0.78
15.5,122.5,2005,MAR,27.82,23.96,3.2,80.04,18.81,5.46,26.87,,
13.5,122.5,2006,MAR,30.58,24.57,4.74,80.06,20.89,4.26,27.56,4.79,0.84
14.5,122.5,2006,MAR,28.65,25.62,5.57,80.72,19.92,5.14,27.31,4.54,0.9
15.5,122.5,2006,MAR,27.9,25.29,4.85,80.48,20.0,4.94,27.12,,
13.5,122.5,2007,MAR,30.48,24.06,2.24,76.05,21.2,4.54,27.95,4.13,0.69
14.5,122.5,2007,MAR,28.94,25.45,1.62,77.4,21.06,5.36,27.58,3.4,0.75
15.5,122.5,2007,MAR,28.21,25.6,1.33,77.68,20.88,4.99,27.54,,
13.5,122.5,2008,MAR,30.12,23.46,5.25,83.12,19.25,4.28,27.08,4.93,0.95
14.5,122.5,2008,MAR,28.58,24.19,5.98,82.59,17.84,5.2,27.02,4.8,0.96
15.5,122.5,2008,MAR,27.69,24.04,2.64,81.6,18.98,5.21,27.2,,
13.5,122.5,2009,MAR,30.47,24.7,4.89,79.8,20.95,4.01,27.91,4.93,0.87
14.5,122.5,2009,MAR,28.73,25.7,5.99,80.98,19.36,4.65,27.71,4.62,0.91
15.5,122.5,2009,MAR,28.45,26.26,2.8,80.27,19.09,4.59,28.1,,
13.5,122.5,2010,MAR,30.9,24.36,2.49,75.79,20.72,5.13,28.58,3.48,0.62
14.5,122.5,2010,MAR,28.3,25.17,1.96,80.27,20.05,5.91,27.83,2.85,0.7
15.5,122.5,2010,MAR,27.69,25.41,1.02,81.09,20.76,5.57,27.66,,
13.5,122.5,2011,MAR,28.43,24.19,10.34,85.37,15.4,6.63,26.21,4.5,0.96
14.5,122.5,2011,MAR,27.14,25.07,10.47,83.49,14.69,7.43,26.3,4.85,0.98
15.5,122.5,2011,MAR,26.9,25.01,4.59,82.16,16.44,7.4,26.51,,
13.5,122.5,2012,MAR,29.72,24.9,11.5,81.88,17.82,5.51,27.25,4.7,0.92
14.5,122.5,2012,MAR,28.05,25.72,10.82,80.92,15.61,6.41,27.24,4.65,0.95
15.5,122.5,2012,MAR,28.15,25.62,6.54,79.53,16.5,6.18,27.51,,
13.5,122.5,2013,MAR,30.52,23.91,2.91,80.49,20.95,4.55,27.73,4.9,0.85
14.5,122.5,2013,MAR,28.37,25.17,4.05,81.34,19.56,5.25,27.59,4.58,0.91
15.5,122.5,2013,MAR,28.35,25.46,2.47,80.51,20.42,4.93,27.84,,
13.5,122.5,2014,MAR,30.02,23.49,3.41,77.94,20.22,5.36,27.33,3.72,0.68
14.5,122.5,2014,MAR,28.28,24.9,3.5,80.36,19.07,5.73,26.72,3.79,0.81
15.5,122.5,2014,MAR,27.84,25.18,2.72,79.68,20.32,5.47,27.0,,
13.5,122.5,2015,MAR,30.35,22.91,2.16,75.71,21.59,5.13,27.23,4.25,0.71
14.5,122.5,2015,MAR,27.63,24.63,2.08,77.3,21.03,5.62,27.04,3.54,0.77
15.5,122.5,2015,MAR,27.28,24.76,1.15,77.68,21.19,5.16,27.03,,
13.5,122.5,2016,MAR,30.68,24.12,4.76,79.79,22.22,3.86,27.99,5.06,0.83
14.5,122.5,2016,MAR,28.93,25.55,4.05,81.33,20.5,4.88,27.71,4.46,0.86
15.5,122.5,2016,MAR,27.99,25.28,1.59,81.71,19.73,4.77,27.53,,
13.5,122.5,2017,MAR,30.02,23.43,4.6,81.27,20.6,4.98,27.04,4.96,0.84
14.5,122.5,2017,MAR,28.08,24.96,3.26,81.31,19.47,5.54,26.94,4.53,0.89
15.5,122.5,2017,MAR,27.24,25.23,1.32,80.64,20.61,5.19,26.96,,
13.5,122.5,2018,MAR,29.7,24.26,3.86,80.02,20.23,5.46,27.3,5.33,0.88
14.5,122.5,2018,MAR,27.95,25.53,3.69,79.65,18.95,5.96,27.45,4.81,0.9
15.5,122.5,2018,MAR,28.16,25.56,1.59,78.46,20.2,5.94,27.81,,
13.5,122.5,2019,MAR,31.2,23.99,0.42,71.81,23.19,4.2,28.8,3.17,0.58
14.5,122.5,2019,MAR,27.91,25.01,0.75,77.3,22.6,4.87,27.71,3.01,0.7
15.5,122.5,2019,MAR,27.76,24.86,0.52,77.69,22.6,4.15,27.38,,
13.5,122.5,2020,MAR,30.04,23.81,14.82,79.65,23.08,4.31,27.69,5.55,0.88
14.5,122.5,2020,MAR,28.76,25.35,9.83,81.39,22.17,4.83,27.67,5.18,0.92
15.5,122.5,2020,MAR,28.05,25.57,2.34,81.17,22.16,4.46,27.72,,
13.5,122.5,2021,MAR,30.2,24.84,8.71,81.74,21.04,4.91,27.72,5.26,0.96
14.5,122.5,2021,MAR,28.66,26.49,5.66,81.18,19.68,5.49,27.65,5.0,0.95
15.5,122.5,2021,MAR,28.56,26.64,2.04,79.93,20.33,5.36,27.99,,
13.5,122.5,2022,MAR,30.69,24.88,3.89,82.22,20.37,4.38,28.09,4.43,0.87
14.5,122.5,2022,MAR,29.47,26.12,4.63,82.44,19.87,5.16,27.91,4.37,0.93
15.5,122.5,2022,MAR,28.75,26.02,2.19,81.53,21.04,4.77,28.15,,
13.5,122.5,2023,MAR,30.4,23.4,1.65,79.87,21.51,5.15,26.86,5.09,0.85
14.5,122.5,2023,MAR,28.21,24.76,1.32,79.7,21.0,5.75,26.83,4.35,0.86
15.5,122.5,2023,MAR,28.18,24.91,0.4,79.05,22.17,5.56,27.1,,
13.5,122.5,2024,MAR,31.04,24.35,2.44,77.38,21.41,4.74,28.31,3.89,0.67
14.5,122.5,2024,MAR,29.09,25.84,2.56,79.64,20.33,5.61,27.83,3.05,0.73
15.5,122.5,2024,MAR,28.34,25.93,2.22,80.04,19.73,5.32,27.69,,
13.5,122.5,2025,MAR,30.03,24.78,5.96,82.81,19.54,5.16,27.6,4.83,0.91
14.5,122.5,2025,MAR,28.92,25.39,5.75,82.24,17.58,5.85,27.48,4.5,0.93
15.5,122.5,2025,MAR,28.43,25.48,2.64,80.58,17.41,5.73,27.72,,
13.5,122.5,1990,APR,33.14,24.95,0.61,70.16,23.62,4.31,30.82,2.26,0.5
14.5,122.5,1990,APR,31.54,26.09,0.73,77.59,23.12,4.92,28.95,2.15,0.63
15.5,122.5,1990,APR,29.22,26.22,0.56,81.27,23.55,4.75,28.22,,
13.5,122.5,1991,APR,31.47,24.86,2.35,74.11,23.35,4.19,29.57,3.3,0.59
14.5,122.5,1991,APR,29.15,25.61,2.72,79.89,22.39,5.02,28.38,3.24,0.71
15.5,122.5,1991,APR,28.31,25.55,2.13,81.28,21.96,4.72,27.99,,
13.5,122.5,1992,APR,33.21,24.56,0.92,68.35,23.24,3.62,31.11,2.35,0.49
14.5,122.5,1992,APR,31.96,25.86,1.15,75.69,23.54,4.45,29.27,2.11,0.62
15.5,122.5,1992,APR,29.21,26.03,0.99,80.02,23.42,4.23,28.46,,
13.5,122.5,1993,APR,32.1,23.79,0.71,70.56,23.61,4.14,29.93,2.84,0.53
14.5,122.5,1993,APR,29.19,25.17,1.23,77.76,23.97,4.82,28.38,2.79,0.66
15.5,122.5,1993,APR,28.31,25.92,1.52,79.26,23.83,4.21,27.92,,
13.5,122.5,1994,APR,31.51,24.77,4.87,77.52,22.53,3.94,29.2,4.13,0.69
14.5,122.5,1994,APR,30.23,26.24,4.39,79.83,22.59,4.68,28.64,3.9,0.79
15.5,122.5,1994,APR,29.28,26.32,2.04,80.58,23.39,4.37,28.3,,
13.5,122.5,1995,APR,32.69,24.51,1.01,68.66,23.64,4.77,30.46,2.2,0.49
14.5,122.5,1995,APR,29.13,25.82,1.23,76.86,23.94,5.25,28.55,2.98,0.67
15.5,122.5,1995,APR,28.5,26.14,0.54,76.57,24.57,4.39,28.21,,
13.5,122.5,1996,APR,29.94,25.49,8.59,83.1,18.58,4.33,27.91,4.09,0.84
14.5,122.5,1996,APR,29.11,25.7,12.93,84.77,18.09,5.22,27.42,4.44,0.94
15.5,122.5,1996,APR,27.86,25.68,5.16,83.95,19.68,5.36,27.25,,
13.5,122.5,1997,APR,32.35,24.71,0.67,70.27,23.2,3.61,30.36,3.2,0.55
14.5,122.5,1997,APR,29.43,25.43,1.25,78.17,23.47,4.35,28.53,3.2,0.69
15.5,122.5,1997,APR,28.14,26.14,0.76,79.18,23.6,3.9,28.21,,
13.5,122.5,1998,APR,32.94,25.88,0.52,65.74,22.8,4.73,31.73,0.69,0.47
14.5,122.5,1998,APR,31.22,26.3,0.62,76.3,23.96,5.45,29.05,0.89,0.6
15.5,122.5,1998,APR,28.33,26.2,0.9,79.39,24.06,4.68,28.25,,
13.5,122.5,1999,APR,30.39,25.06,6.1,81.36,20.27,3.56,28.37,4.73,0.94
14.5,122.5,1999,APR,28.99,26.26,9.41,82.48,19.47,4.39,28.19,4.98,0.98
15.5,122.5,1999,APR,29.35,26.48,6.53,81.96,19.77,4.4,28.24,,
13.5,122.5,2000,APR,31.88,25.51,3.56,79.75,22.18,3.36,29.09,4.68,0.91
14.5,122.5,2000,APR,30.74,26.67,4.36,81.28,22.24,3.94,28.71,4.36,0.95
15.5,122.5,2000,APR,29.37,26.49,2.53,81.05,22.99,3.55,28.89,,
13.5,122.5,2001,APR,31.93,26.1,2.11,75.74,22.63,3.54,29.96,4.77,0.79
14.5,122.5,2001,APR,30.29,26.75,3.23,78.98,22.24,4.27,29.32,4.72,0.89
15.5,122.5,2001,APR,29.62,26.98,2.51,78.88,22.31,4.17,29.22,,
13.5,122.5,2002,APR,32.13,25.01,1.62,71.5,23.3,4.43,30.12,3.4,0.58
14.5,122.5,2002,APR,29.04,26.28,2.03,77.51,23.53,5.0,28.63,3.33,0.71
15.5,122.5,2002,APR,28.54,26.77,1.26,76.99,23.49,4.48,28.49,,
13.5,122.5,2003,APR,32.6,25.36,1.73,70.49,23.85,3.91,30.91,2.54,0.49
14.5,122.5,2003,APR,30.59,25.97,2.26,78.84,23.58,4.63,28.91,2.89,0.64
15.5,122.5,2003,APR,28.68,26.26,1.52,80.27,23.87,4.37,28.34,,
13.5,122.5,2004,APR,32.41,25.84,1.55,73.14,23.53,3.62,30.43,3.58,0.6
14.5,122.5,2004,APR,29.42,26.62,2.32,79.75,22.33,4.22,28.99,4.12,0.8
15.5,122.5,2004,APR,29.25,26.05,1.15,78.97,22.37,3.96,28.84,,
13.5,122.5,2005,APR,32.22,24.71,1.46,73.29,23.22,4.04,29.45,3.51,0.59
14.5,122.5,2005,APR,30.0,25.4,2.03,78.85,22.75,4.45,28.16,3.68,0.74
15.5,122.5,2005,APR,28.31,25.38,0.91,79.18,23.49,4.01,28.02,,
13.5,122.5,2006,APR,31.8,25.38,0.74,74.48,22.68,4.01,29.49,4.31,0.68
14.5,122.5,2006,APR,31.07,26.47,0.83,77.29,23.11,4.61,28.82,4.08,0.78
15.5,122.5,2006,APR,28.92,26.6,0.43,76.6,24.9,3.84,28.6,,
13.5,122.5,2007,APR,32.34,25.13,1.79,73.57,23.32,4.22,30.09,2.99,0.56
14.5,122.5,2007,APR,31.34,26.45,2.12,78.3,22.66,4.96,28.96,2.85,0.66
15.5,122.5,2007,APR,29.07,26.6,1.14,79.53,22.79,4.6,28.63,,
13.5,122.5,2008,APR,31.03,25.72,6.32,80.72,20.63,4.29,28.69,4.67,0.84
14.5,122.5,2008,APR,29.23,26.83,6.76,81.53,20.68,5.01,28.49,4.27,0.87
15.5,122.5,2008,APR,28.67,26.96,4.16,80.95,21.15,4.58,28.72,,
13.5,122.5,2009,APR,30.25,25.74,16.89,82.29,19.13,3.56,28.52,3.77,0.92
14.5,122.5,2009,APR,30.37,26.48,15.12,82.09,18.45,4.37,28.44,3.77,0.96
15.5,122.5,2009,APR,29.27,26.63,10.9,82.4,19.61,4.89,28.73,,
13.5,122.5,2010,APR,32.47,25.52,1.37,73.13,23.34,4.13,30.26,2.9,0.53
14.5,122.5,2010,APR,30.68,26.63,1.46,78.95,23.23,4.9,28.93,2.27,0.63
15.5,122.5,2010,APR,28.96,26.22,1.46,80.66,23.64,4.18,28.48,,
13.5,122.5,2011,APR,30.38,23.48,2.19,79.3,21.59,4.76,27.24,5.0,0.83
14.5,122.5,2011,APR,29.13,24.44,2.32,79.5,20.77,5.34,27.01,4.52,0.86
15.5,122.5,2011,APR,28.3,24.77,1.99,79.06,22.4,5.24,27.17,,
13.5,122.5,2012,APR,30.92,25.02,2.55,78.33,23.88,3.39,28.93,4.9,0.91
14.5,122.5,2012,APR,30.56,26.57,2.52,79.76,23.41,4.15,28.66,4.68,0.92
15.5,122.5,2012,APR,29.5,26.82,1.63,79.58,23.86,3.75,28.72,,
13.5,122.5,2013,APR,32.85,25.94,0.63,73.11,24.29,3.27,30.69,4.09,0.66
14.5,122.5,2013,APR,31.33,26.9,1.0,78.56,23.77,4.08,29.5,3.91,0.76
15.5,122.5,2013,APR,29.59,27.3,1.56,79.99,23.83,3.69,29.35,,
13.5,122.5,2014,APR,32.19,25.6,1.74,75.63,21.8,4.06,29.42,3.32,0.62
14.5,122.5,2014,APR,29.23,26.49,1.87,79.72,22.15,4.54,28.34,3.43,0.75
15.5,122.5,2014,APR,28.59,26.57,1.05,78.65,23.3,4.06,28.27,,
13.5,122.5,2015,APR,32.35,25.41,1.94,74.73,23.47,4.39,29.5,3.53,0.61
14.5,122.5,2015,APR,30.02,25.67,2.42,80.01,22.31,4.98,28.38,3.27,0.72
15.5,122.5,2015,APR,28.55,26.15,2.36,81.03,22.7,4.78,28.05,,
13.5,122.5,2016,APR,32.42,25.81,1.1,73.75,25.03,3.79,30.4,4.25,0.65
14.5,122.5,2016,APR,31.02,26.8,0.93,79.23,24.6,4.52,29.38,3.68,0.73
15.5,122.5,2016,APR,29.34,27.04,0.75,80.81,25.0,4.09,29.07,,
13.5,122.5,2017,APR,31.83,24.19,3.82,77.6,22.64,3.75,29.02,4.75,0.74
14.5,122.5,2017,APR,30.44,25.18,3.22,79.2,21.59,4.53,28.57,4.0,0.76
15.5,122.5,2017,APR,28.85,25.12,2.0,80.87,21.86,4.39,28.23,,
13.5,122.5,2018,APR,31.75,24.86,4.06,79.11,23.75,4.5,28.72,5.06,0.77
14.5,122.5,2018,APR,29.43,26.06,2.43,81.48,22.71,5.06,28.3,4.08,0.79
15.5,122.5,2018,APR,29.1,25.97,1.66,81.88,23.34,4.8,28.42,,
13.5,122.5,2019,APR,33.57,25.07,1.2,69.17,25.19,3.96,31.21,1.96,0.48
14.5,122.5,2019,APR,30.8,25.81,1.62,78.5,24.52,4.9,29.21,2.3,0.62
15.5,122.5,2019,APR,29.39,26.1,1.46,80.06,24.19,4.04,28.65,,
13.5,122.5,2020,APR,31.75,24.86,4.52,77.18,23.97,3.94,29.3,5.51,0.83
14.5,122.5,2020,APR,29.49,26.5,7.9,80.84,22.53,4.71,28.81,5.02,0.88
15.5,122.5,2020,APR,29.1,26.4,2.99,81.34,21.7,4.46,28.69,,
13.5,122.5,2021,APR,30.86,24.59,3.09,78.03,21.1,4.91,28.48,5.37,0.82
14.5,122.5,2021,APR,29.95,25.92,3.73,79.24,20.9,5.39,28.39,4.6,0.84
15.5,122.5,2021,APR,29.3,26.21,2.09,78.96,22.04,5.59,28.43,,
13.5,122.5,2022,APR,30.36,25.36,9.98,81.58,19.55,4.57,28.34,4.4,0.9
14.5,122.5,2022,APR,29.14,26.12,7.99,81.63,19.1,5.4,28.36,4.37,0.94
15.5,122.5,2022,APR,29.35,26.51,4.04,80.68,19.36,5.34,28.47,,
13.5,122.5,2023,APR,32.16,24.5,2.84,77.43,21.47,4.05,29.24,4.16,0.7
14.5,122.5,2023,APR,30.1,26.01,3.27,80.45,20.75,4.43,28.6,3.51,0.76
15.5,122.5,2023,APR,28.79,26.3,1.68,81.49,21.28,4.54,28.35,,
13.5,122.5,2024,APR,34.02,25.94,0.58,72.51,25.29,4.21,31.12,3.28,0.56
14.5,122.5,2024,APR,31.12,26.79,0.61,79.89,25.09,4.94,29.53,2.8,0.65
15.5,122.5,2024,APR,29.68,27.1,0.47,81.31,25.65,4.17,29.24,,
13.5,122.5,2025,APR,32.43,25.54,1.94,76.58,24.2,3.49,29.73,5.13,0.79
14.5,122.5,2025,APR,29.74,26.75,1.62,79.62,23.73,4.11,29.14,4.47,0.83
15.5,122.5,2025,APR,29.62,27.16,0.85,79.23,23.96,3.68,29.22,,
13.5,122.5,1990,MAY,33.55,26.46,4.05,73.18,21.36,3.7,31.18,1.55,0.51
14.5,122.5,1990,MAY,30.7,27.13,4.89,80.25,22.21,4.37,29.46,1.77,0.66
15.5,122.5,1990,MAY,29.34,26.8,4.22,82.69,22.51,4.16,29.12,,
13.5,122.5,1991,MAY,32.38,25.99,2.56,72.71,22.6,4.02,30.6,2.82,0.54
14.5,122.5,1991,MAY,31.87,26.99,3.07,79.46,22.66,4.66,29.58,2.89,0.69
15.5,122.5,1991,MAY,30.59,26.73,2.65,80.68,23.19,4.55,29.08,,
13.5,122.5,1992,MAY,33.66,26.22,1.89,69.98,21.95,3.42,31.64,1.42,0.48
14.5,122.5,1992,MAY,31.99,26.81,2.57,75.79,22.79,4.35,30.09,1.56,0.62
15.5,122.5,1992,MAY,31.08,26.96,2.91,78.98,23.4,4.23,29.62,,
13.5,122.5,1993,MAY,33.27,26.37,0.85,66.53,23.82,3.83,31.85,1.12,0.47
14.5,122.5,1993,MAY,32.71,26.69,0.82,76.22,24.62,4.51,29.6,1.22,0.61
15.5,122.5,1993,MAY,31.33,27.15,1.21,78.92,24.91,4.04,29.16,,
13.5,122.5,1994,MAY,31.84,26.68,3.6,77.75,21.86,2.63,30.13,2.91,0.69
14.5,122.5,1994,MAY,31.97,27.3,4.1,78.98,21.92,3.27,29.92,2.99,0.8
15.5,122.5,1994,MAY,30.6,27.2,4.14,81.34,22.69,3.5,29.78,,
13.5,122.5,1995,MAY,32.6,26.18,4.1,73.6,22.07,3.18,30.57,1.64,0.51
14.5,122.5,1995,MAY,30.67,26.58,5.02,78.84,22.53,3.69,29.45,2.17,0.68
15.5,122.5,1995,MAY,30.27,26.88,4.92,81.4,22.55,3.92,29.41,,
13.5,122.5,1996,MAY,30.64,26.38,4.69,81.82,20.98,3.41,28.9,3.39,0.84
14.5,122.5,1996,MAY,30.58,26.92,5.77,81.74,21.68,3.96,29.15,3.7,0.94
15.5,122.5,1996,MAY,29.82,26.25,5.47,83.57,22.06,4.28,28.6,,
13.5,122.5,1997,MAY,32.76,25.92,3.35,74.26,20.76,4.46,30.4,2.2,0.52
14.5,122.5,1997,MAY,31.88,26.8,4.6,77.38,21.82,4.84,29.52,2.62,0.67
15.5,122.5,1997,MAY,30.21,24.2,6.66,79.21,22.36,4.68,29.32,,
13.5,122.5,1998,MAY,33.12,26.98,2.69,72.04,21.22,4.8,31.76,1.69,0.49
14.5,122.5,1998,MAY,32.7,27.1,3.33,79.43,22.41,5.24,29.94,1.67,0.62
15.5,122.5,1998,MAY,30.06,27.51,4.44,82.5,22.67,4.45,29.34,,
13.5,122.5,1999,MAY,30.22,26.56,4.93,79.91,18.86,2.45,29.53,3.04,0.9
14.5,122.5,1999,MAY,30.2,27.02,5.9,79.52,20.36,3.02,29.73,3.2,0.95
15.5,122.5,1999,MAY,30.24,26.91,4.74,80.86,21.32,3.29,29.93,,
13.5,122.5,2000,MAY,32.49,26.57,3.65,79.26,20.03,3.81,29.47,3.72,0.78
14.5,122.5,2000,MAY,30.13,26.85,5.15,81.61,19.78,4.26,29.21,3.51,0.88
15.5,122.5,2000,MAY,29.71,25.76,5.59,82.74,20.94,4.57,29.12,,
13.5,122.5,2001,MAY,32.64,26.99,3.89,77.64,20.86,3.36,30.28,3.26,0.7
14.5,122.5,2001,MAY,31.06,27.6,4.33,80.26,22.38,3.78,29.85,3.6,0.83
15.5,122.5,2001,MAY,31.07,27.36,4.6,81.96,22.66,4.02,29.82,,
13.5,122.5,2002,MAY,32.69,26.69,3.97,75.72,22.51,3.57,30.43,2.64,0.57
14.5,122.5,2002,MAY,31.14,27.15,3.52,78.17,23.25,3.94,29.55,2.78,0.68
15.5,122.5,2002,MAY,30.59,27.24,3.77,80.31,24.47,4.28,29.39,,
13.5,122.5,2003,MAY,33.77,27.12,4.16,73.98,20.03,4.57,31.13,2.17,0.51
14.5,122.5,2003,MAY,31.9,27.28,5.05,79.11,20.29,4.94,29.92,2.66,0.65
15.5,122.5,2003,MAY,30.9,27.31,4.27,80.88,21.88,4.91,29.58,,
13.5,122.5,2004,MAY,32.55,26.5,6.89,79.59,20.91,4.83,29.52,2.97,0.65
14.5,122.5,2004,MAY,29.71,26.79,8.74,83.42,21.17,5.37,28.79,3.27,0.83
15.5,122.5,2004,MAY,29.54,27.22,8.09,83.43,21.39,5.2,29.08,,
13.5,122.5,2005,MAY,34.4,26.97,1.62,72.43,22.3,2.81,31.33,1.79,0.49
14.5,122.5,2005,MAY,32.61,27.51,2.14,76.29,22.92,3.17,30.42,2.34,0.64
15.5,122.5,2005,MAY,30.28,27.72,3.2,80.77,23.22,3.61,29.93,,
13.5,122.5,2006,MAY,32.63,26.06,5.14,77.29,20.1,4.16,29.97,2.78,0.64
14.5,122.5,2006,MAY,31.11,26.72,5.08,79.54,20.93,4.53,29.64,2.85,0.75
15.5,122.5,2006,MAY,29.67,27.2,4.71,80.53,22.56,4.37,29.5,,
13.5,122.5,2007,MAY,32.62,26.43,5.23,74.46,21.72,2.71,30.78,2.7,0.57
14.5,122.5,2007,MAY,30.91,27.21,4.45,78.18,22.07,3.39,29.96,2.45,0.68
15.5,122.5,2007,MAY,29.97,27.6,3.92,81.04,22.4,3.54,29.61,,
13.5,122.5,2008,MAY,29.86,25.97,11.48,82.95,18.07,3.3,28.67,3.16,0.94
14.5,122.5,2008,MAY,30.28,26.73,9.51,81.73,18.81,3.61,29.22,3.42,0.97
15.5,122.5,2008,MAY,30.04,26.97,9.45,81.59,19.97,3.94,29.62,,
13.5,122.5,2009,MAY,30.34,25.6,12.68,83.14,18.34,3.42,28.42,3.86,0.98
14.5,122.5,2009,MAY,30.29,25.94,14.41,83.1,18.7,4.09,28.49,4.17,0.99
15.5,122.5,2009,MAY,29.22,26.04,8.83,82.74,19.98,4.44,28.66,,
13.5,122.5,2010,MAY,34.47,27.05,1.02,68.47,24.24,3.36,32.62,1.15,0.47
14.5,122.5,2010,MAY,32.97,27.8,1.48,76.53,23.99,4.01,30.61,1.51,0.61
15.5,122.5,2010,MAY,31.33,27.58,2.36,80.57,24.71,3.74,29.82,,
13.5,122.5,2011,MAY,30.65,26.34,10.55,82.46,18.69,3.75,28.74,3.3,0.89
14.5,122.5,2011,MAY,30.04,26.59,10.15,83.59,19.34,4.48,28.83,3.14,0.9
15.5,122.5,2011,MAY,29.39,26.69,9.39,83.22,20.92,4.49,28.96,,
13.5,122.5,2012,MAY,31.93,27.08,4.87,77.08,20.66,2.2,30.1,2.88,0.8
14.5,122.5,2012,MAY,31.03,27.94,5.67,76.35,21.68,2.57,30.36,2.9,0.87
15.5,122.5,2012,MAY,31.16,28.14,4.27,77.8,22.79,2.82,30.45,,
13.5,122.5,2013,MAY,33.31,27.7,3.35,74.61,20.74,2.81,30.91,2.17,0.58
14.5,122.5,2013,MAY,31.89,27.97,4.63,77.17,20.91,3.25,30.31,2.34,0.73
15.5,122.5,2013,MAY,30.67,27.46,4.76,80.27,20.57,3.54,30.09,,
13.5,122.5,2014,MAY,33.3,27.35,1.57,71.6,24.39,3.21,31.54,2.55,0.53
14.5,122.5,2014,MAY,31.79,27.85,1.46,77.4,24.74,3.97,30.36,2.59,0.66
15.5,122.5,2014,MAY,30.54,28.25,1.36,79.13,25.47,3.62,30.11,,
13.5,122.5,2015,MAY,32.84,26.4,1.44,70.11,23.85,2.97,31.58,2.75,0.53
14.5,122.5,2015,MAY,33.12,27.5,1.43,75.77,23.63,3.65,30.3,2.56,0.64
15.5,122.5,2015,MAY,30.57,27.46,3.05,80.19,24.07,3.94,29.7,,
13.5,122.5,2016,MAY,33.42,27.41,2.08,73.25,22.12,3.31,31.46,2.56,0.53
14.5,122.5,2016,MAY,31.57,28.12,2.82,78.09,22.67,3.99,30.4,2.39,0.65
15.5,122.5,2016,MAY,30.9,28.17,2.95,80.57,23.37,3.72,30.14,,
13.5,122.5,2017,MAY,32.06,27.4,4.7,77.92,21.89,3.09,30.29,3.13,0.7
14.5,122.5,2017,MAY,31.84,27.61,4.7,78.71,22.48,3.63,30.06,3.04,0.77
15.5,122.5,2017,MAY,30.84,28.31,4.32,80.41,22.74,3.66,30.03,,
13.5,122.5,2018,MAY,32.13,26.89,4.13,76.84,22.42,3.34,30.24,3.34,0.69
14.5,122.5,2018,MAY,30.19,27.73,5.55,81.24,22.74,4.01,29.93,2.83,0.75
15.5,122.5,2018,MAY,30.07,27.89,2.84,80.85,24.18,3.55,30.0,,
13.5,122.5,2019,MAY,33.57,27.53,4.4,70.74,22.07,2.46,31.72,2.22,0.53
14.5,122.5,2019,MAY,32.44,27.61,5.91,75.29,22.2,2.65,30.53,2.49,0.7
15.5,122.5,2019,MAY,31.23,27.22,5.98,79.68,21.92,2.83,30.06,,
13.5,122.5,2020,MAY,32.69,26.34,7.5,78.21,22.88,3.44,30.33,3.89,0.77
14.5,122.5,2020,MAY,31.61,27.68,5.74,79.68,22.69,3.98,30.13,3.93,0.87
15.5,122.5,2020,MAY,30.71,27.97,4.47,81.45,22.85,4.04,30.02,,
13.5,122.5,2021,MAY,31.98,25.49,3.27,78.67,23.16,3.65,30.01,3.76,0.72
14.5,122.5,2021,MAY,31.94,26.76,2.45,81.64,23.3,4.32,29.66,3.23,0.78
15.5,122.5,2021,MAY,30.72,27.31,1.57,82.31,24.97,3.82,29.59,,
13.5,122.5,2022,MAY,31.39,26.69,4.53,79.33,22.37,3.33,29.66,4.17,0.85
14.5,122.5,2022,MAY,30.93,27.97,5.16,79.02,22.96,3.86,29.78,3.92,0.88
15.5,122.5,2022,MAY,30.09,27.73,3.74,81.21,23.26,3.95,29.9,,
13.5,122.5,2023,MAY,32.86,26.86,4.82,77.49,21.14,3.5,30.5,3.46,0.68
14.5,122.5,2023,MAY,32.17,27.7,5.0,79.23,21.71,4.19,29.94,3.27,0.77
15.5,122.5,2023,MAY,31.85,26.95,2.73,80.49,22.09,4.43,29.73,,
13.5,122.5,2024,MAY,34.61,27.97,5.54,71.33,21.92,4.23,32.4,1.98,0.51
14.5,122.5,2024,MAY,32.27,28.42,7.41,80.18,22.11,4.94,30.64,2.01,0.65
15.5,122.5,2024,MAY,30.97,28.34,6.05,82.39,21.68,4.38,30.25,,
13.5,122.5,2025,MAY,32.32,27.57,5.8,77.7,22.32,3.47,30.37,3.86,0.74
14.5,122.5,2025,MAY,31.67,28.43,4.56,78.53,22.79,4.1,30.32,3.44,0.77
15.5,122.5,2025,MAY,30.67,28.32,3.2,80.22,22.65,3.9,30.29,,
13.5,122.5,1990,JUN,30.87,26.28,9.25,81.77,17.9,4.28,28.94,2.67,0.73
14.5,122.5,1990,JUN,30.47,27.21,11.73,80.93,18.68,4.69,29.53,3.18,0.86
15.5,122.5,1990,JUN,29.81,27.35,14.39,82.73,19.99,5.39,29.34,,
13.5,122.5,1991,JUN,32.58,26.61,7.09,77.96,20.75,4.62,29.56,2.83,0.63
14.5,122.5,1991,JUN,31.23,26.84,6.49,81.07,21.11,5.06,29.13,2.81,0.75
15.5,122.5,1991,JUN,30.13,27.47,4.43,81.74,21.76,4.89,28.71,,
13.5,122.5,1992,JUN,32.64,27.33,3.5,74.96,19.82,4.16,30.78,1.93,0.52
14.5,122.5,1992,JUN,31.6,27.14,4.21,78.64,20.61,3.95,29.73,2.2,0.68
15.5,122.5,1992,JUN,30.21,27.29,4.5,81.44,22.44,3.95,29.85,,
13.5,122.5,1993,JUN,33.21,27.05,3.69,71.85,20.75,3.54,31.46,1.33,0.5
14.5,122.5,1993,JUN,32.6,27.62,4.31,74.85,21.47,4.04,30.61,1.41,0.64
15.5,122.5,1993,JUN,30.44,27.8,4.62,80.95,23.06,4.31,29.64,,
13.5,122.5,1994,JUN,31.1,26.33,7.99,81.08,19.0,3.39,29.41,2.97,0.76
14.5,122.5,1994,JUN,30.82,26.87,8.42,80.01,19.23,3.71,29.75,3.29,0.88
15.5,122.5,1994,JUN,30.31,26.94,6.02,81.08,21.71,4.21,29.96,,
13.5,122.5,1995,JUN,31.5,26.62,6.21,80.11,22.03,3.61,29.73,2.99,0.71
14.5,122.5,1995,JUN,32.14,27.09,5.17,78.73,22.75,4.11,29.88,3.37,0.82
15.5,122.5,1995,JUN,30.34,27.81,3.94,81.9,24.25,4.63,29.71,,
13.5,122.5,1996,JUN,30.91,26.4,7.53,81.41,19.72,3.25,29.1,3.29,0.88
14.5,122.5,1996,JUN,29.84,26.88,6.7,81.55,20.13,3.88,29.31,3.44,0.96
15.5,122.5,1996,JUN,29.64,26.89,5.12,81.9,21.53,3.92,29.58,,
13.5,122.5,1997,JUN,31.0,26.59,2.85,78.0,20.21,3.35,29.67,1.79,0.55
14.5,122.5,1997,JUN,31.35,27.12,4.55,77.19,21.25,3.27,29.6,2.65,0.74
15.5,122.5,1997,JUN,30.16,27.43,5.2,79.9,23.33,3.87,29.37,,
13.5,122.5,1998,JUN,33.04,27.5,4.73,75.17,19.14,3.25,31.1,2.17,0.55
14.5,122.5,1998,JUN,32.56,28.22,4.57,76.63,19.94,3.61,30.76,2.64,0.7
15.5,122.5,1998,JUN,30.86,28.12,4.72,81.48,20.8,3.98,30.11,,
13.5,122.5,1999,JUN,29.99,26.23,6.81,82.87,17.18,3.48,28.65,3.0,0.95
14.5,122.5,1999,JUN,30.02,26.69,9.44,82.34,18.56,3.77,29.39,3.13,0.99
15.5,122.5,1999,JUN,29.75,26.62,9.33,82.83,19.91,3.93,29.51,,
13.5,122.5,2000,JUN,31.22,26.34,5.19,80.97,19.38,3.28,29.31,2.85,0.78
14.5,122.5,2000,JUN,30.73,27.11,6.72,80.81,19.47,3.87,29.74,3.03,0.92
15.5,122.5,2000,JUN,30.04,27.45,5.4,81.44,21.09,3.98,30.06,,
13.5,122.5,2001,JUN,30.93,26.3,8.82,81.04,19.0,3.55,29.67,2.82,0.8
14.5,122.5,2001,JUN,31.83,26.68,9.31,81.43,19.77,3.88,29.86,3.13,0.89
15.5,122.5,2001,JUN,30.73,26.93,9.42,81.89,21.54,4.09,30.06,,
13.5,122.5,2002,JUN,32.65,27.01,4.1,77.84,20.56,2.98,30.21,2.48,0.63
14.5,122.5,2002,JUN,31.18,27.75,4.88,78.8,21.87,3.37,30.03,2.78,0.76
15.5,122.5,2002,JUN,30.58,27.48,4.02,80.31,23.26,3.72,29.98,,
13.5,122.5,2003,JUN,31.44,26.36,7.33,78.77,19.62,3.92,29.3,2.6,0.68
14.5,122.5,2003,JUN,31.43,26.8,7.07,80.01,19.21,4.05,28.96,2.98,0.81
15.5,122.5,2003,JUN,30.57,26.9,6.84,81.68,20.04,4.64,28.84,,
13.5,122.5,2004,JUN,29.95,26.07,5.75,84.84,18.35,4.78,28.22,2.94,0.82
14.5,122.5,2004,JUN,29.86,26.48,9.16,84.23,17.69,4.97,28.48,3.56,0.97
15.5,122.5,2004,JUN,30.07,26.62,10.38,83.53,17.94,5.39,28.91,,
13.5,122.5,2005,JUN,31.22,26.68,5.5,81.41,20.17,3.47,29.46,1.77,0.61
14.5,122.5,2005,JUN,32.0,27.02,6.86,79.66,19.51,3.73,30.11,2.27,0.78
15.5,122.5,2005,JUN,30.22,27.31,8.04,82.01,20.58,4.32,30.08,,
13.5,122.5,2006,JUN,31.06,26.51,6.88,79.94,20.72,3.25,29.9,2.59,0.72
14.5,122.5,2006,JUN,31.76,27.31,6.24,79.32,21.06,3.89,30.16,2.96,0.82
15.5,122.5,2006,JUN,30.76,27.48,5.01,81.28,23.01,4.07,30.07,,
13.5,122.5,2007,JUN,31.75,26.7,5.83,79.87,20.94,2.95,30.11,2.39,0.7
14.5,122.5,2007,JUN,32.02,27.65,6.21,79.0,20.33,3.21,30.66,2.31,0.78
15.5,122.5,2007,JUN,30.76,27.8,5.66,81.75,20.86,3.51,30.59,,
13.5,122.5,2008,JUN,30.24,25.84,7.05,82.23,19.87,3.56,28.85,3.31,0.96
14.5,122.5,2008,JUN,30.39,26.45,6.52,81.14,20.74,4.21,29.53,3.55,0.97
15.5,122.5,2008,JUN,30.09,27.2,5.11,81.55,21.95,4.45,29.86,,
13.5,122.5,2009,JUN,29.91,26.27,7.18,83.96,18.36,4.55,28.47,3.45,0.98
14.5,122.5,2009,JUN,29.92,26.94,6.87,82.65,19.6,4.72,29.03,3.78,0.99
15.5,122.5,2009,JUN,29.88,26.66,7.81,82.58,21.49,5.15,29.36,,
13.5,122.5,2010,JUN,32.17,27.49,5.02,76.13,20.68,2.54,30.75,1.75,0.55
14.5,122.5,2010,JUN,32.1,28.01,5.15,75.67,21.05,3.02,30.75,2.05,0.69
15.5,122.5,2010,JUN,31.24,28.23,5.19,79.33,22.7,3.51,30.52,,
13.5,122.5,2011,JUN,30.6,26.3,9.05,82.78,17.34,3.71,28.72,3.28,0.96
14.5,122.5,2011,JUN,29.99,26.27,10.56,83.37,17.8,4.27,29.0,3.3,0.99
15.5,122.5,2011,JUN,29.52,26.55,9.23,84.31,19.26,4.45,29.21,,
13.5,122.5,2012,JUN,30.63,26.5,3.81,81.59,19.1,4.69,28.92,3.14,0.88
14.5,122.5,2012,JUN,31.37,27.13,7.15,80.69,19.19,4.9,29.59,3.52,0.96
15.5,122.5,2012,JUN,31.38,27.57,8.87,80.59,20.94,5.35,30.07,,
13.5,122.5,2013,JUN,32.58,26.86,8.66,78.6,18.47,3.51,30.0,2.78,0.71
14.5,122.5,2013,JUN,31.0,27.76,10.51,79.9,19.41,4.09,30.07,3.44,0.89
15.5,122.5,2013,JUN,30.79,27.11,8.38,79.2,21.6,4.02,30.41,,
13.5,122.5,2014,JUN,32.53,27.01,4.86,77.84,20.63,3.61,30.69,1.94,0.57
14.5,122.5,2014,JUN,32.37,28.12,4.48,75.51,20.83,3.48,30.82,2.3,0.68
15.5,122.5,2014,JUN,31.42,28.17,4.98,77.84,22.13,3.99,30.72,,
13.5,122.5,2015,JUN,33.39,26.99,5.21,74.99,20.91,2.61,31.08,2.27,0.57
14.5,122.5,2015,JUN,31.95,27.66,4.21,77.44,22.02,3.14,30.81,2.33,0.67
15.5,122.5,2015,JUN,30.86,27.48,2.92,79.97,24.45,3.25,30.68,,
13.5,122.5,2016,JUN,31.75,27.31,6.46,77.07,19.67,2.93,30.68,2.17,0.61
14.5,122.5,2016,JUN,32.38,27.45,6.44,76.99,19.67,3.32,30.77,2.41,0.74
15.5,122.5,2016,JUN,31.79,27.5,6.1,79.71,21.03,3.72,30.79,,
13.5,122.5,2017,JUN,31.35,27.36,6.1,77.53,21.64,2.75,30.37,3.08,0.78
14.5,122.5,2017,JUN,31.63,27.65,4.6,77.13,21.62,3.27,30.72,2.98,0.83
15.5,122.5,2017,JUN,31.39,28.27,3.66,78.76,22.96,3.78,30.76,,
13.5,122.5,2018,JUN,31.73,26.39,6.62,80.57,18.45,4.05,29.45,2.83,0.81
14.5,122.5,2018,JUN,31.22,27.14,7.21,80.32,18.7,4.46,29.98,2.85,0.86
15.5,122.5,2018,JUN,30.84,27.53,6.72,80.42,19.44,4.73,30.21,,
13.5,122.5,2019,JUN,32.86,27.44,4.41,77.29,21.6,3.69,30.84,2.36,0.62
14.5,122.5,2019,JUN,32.48,27.74,5.49,78.61,22.21,3.89,30.78,2.8,0.78
15.5,122.5,2019,JUN,31.52,28.18,4.24,80.39,23.85,4.17,30.76,,
13.5,122.5,2020,JUN,32.21,26.71,21.41,79.09,20.66,3.31,29.98,4.12,0.93
14.5,122.5,2020,JUN,31.58,27.7,11.78,78.48,21.44,3.9,30.4,4.12,0.93
15.5,122.5,2020,JUN,30.39,27.92,6.58,80.25,23.14,3.88,30.46,,
13.5,122.5,2021,JUN,33.13,26.8,4.22,79.75,19.3,3.06,29.75,2.68,0.76
14.5,122.5,2021,JUN,31.68,27.76,5.28,78.23,20.63,3.62,30.31,2.64,0.82
15.5,122.5,2021,JUN,31.52,27.9,4.13,79.69,21.81,4.34,30.47,,
13.5,122.5,2022,JUN,30.67,27.05,6.84,78.9,20.85,2.71,29.96,3.16,0.88
14.5,122.5,2022,JUN,30.96,27.22,8.69,78.72,21.28,3.31,30.41,3.22,0.92
15.5,122.5,2022,JUN,30.42,27.59,5.91,80.06,21.43,3.53,30.56,,
13.5,122.5,2023,JUN,31.6,27.57,5.12,79.62,20.8,2.95,30.0,2.72,0.71
14.5,122.5,2023,JUN,31.89,27.98,4.45,79.42,21.48,3.47,30.3,2.98,0.8
15.5,122.5,2023,JUN,31.15,27.64,3.7,82.1,22.63,3.96,30.19,,
13.5,122.5,2024,JUN,32.91,27.44,5.9,78.23,20.46,2.7,30.57,2.86,0.73
14.5,122.5,2024,JUN,32.24,28.5,5.57,79.15,20.77,3.3,30.78,3.03,0.85
15.5,122.5,2024,JUN,31.29,28.11,4.78,80.98,21.99,3.55,30.91,,
13.5,122.5,2025,JUN,31.13,27.35,7.8,80.84,18.96,3.17,29.68,2.84,0.84
14.5,122.5,2025,JUN,31.79,27.08,7.99,79.9,18.88,3.44,30.14,2.78,0.86
15.5,122.5,2025,JUN,31.22,27.78,5.8,80.22,20.35,3.38,30.46,,
13.5,122.5,1990,JUL,30.15,25.92,5.76,83.28,20.2,3.56,28.33,3.23,0.89
14.5,122.5,1990,JUL,29.89,26.55,5.97,81.76,20.26,3.56,28.69,3.6,0.98
15.5,122.5,1990,JUL,29.73,26.42,6.58,81.84,21.57,3.84,29.07,,
13.5,122.5,1991,JUL,31.19,25.66,6.33,81.49,18.62,4.24,28.62,3.12,0.82
14.5,122.5,1991,JUL,31.01,26.7,8.22,81.44,18.78,4.58,29.01,3.3,0.89
15.5,122.5,1991,JUL,29.58,26.82,9.62,81.84,20.1,4.71,29.26,,
13.5,122.5,1992,JUL,32.15,25.76,9.33,80.43,18.33,3.63,28.97,2.59,0.71
14.5,122.5,1992,JUL,31.75,26.29,10.66,80.86,17.83,4.26,29.08,3.1,0.88
15.5,122.5,1992,JUL,30.31,26.67,9.12,82.17,18.89,4.75,29.28,,
13.5,122.5,1993,JUL,30.74,26.27,5.13,81.52,19.33,3.64,29.02,2.36,0.67
14.5,122.5,1993,JUL,30.93,26.74,5.3,81.41,20.05,4.1,29.28,2.77,0.8
15.5,122.5,1993,JUL,30.31,27.07,5.3,82.27,21.93,4.23,29.36,,
13.5,122.5,1994,JUL,29.13,25.63,7.81,85.32,15.54,5.51,28.03,3.02,0.93
14.5,122.5,1994,JUL,29.61,26.41,14.29,84.81,15.32,5.74,28.73,3.5,0.99
15.5,122.5,1994,JUL,29.66,27.12,14.07,83.92,16.57,6.09,29.44,,
13.5,122.5,1995,JUL,29.8,26.4,9.68,82.16,17.79,3.53,29.16,2.67,0.85
14.5,122.5,1995,JUL,30.64,26.8,10.09,81.78,17.44,4.13,29.47,3.0,0.93
15.5,122.5,1995,JUL,29.87,26.24,10.06,82.33,18.31,4.5,29.65,,
13.5,122.5,1996,JUL,30.14,26.73,6.48,82.5,17.31,4.48,29.15,3.01,0.95
14.5,122.5,1996,JUL,30.4,27.02,7.67,82.27,17.71,4.71,29.57,3.18,0.97
15.5,122.5,1996,JUL,30.75,26.88,8.22,82.1,19.57,4.97,29.91,,
13.5,122.5,1997,JUL,29.69,26.26,8.23,83.41,17.12,3.5,28.72,2.12,0.71
14.5,122.5,1997,JUL,29.98,26.66,8.37,84.33,17.72,3.83,28.87,2.67,0.91
15.5,122.5,1997,JUL,29.44,26.88,8.41,84.85,20.04,4.0,29.1,,
13.5,122.5,1998,JUL,31.74,26.72,4.03,78.31,20.19,2.4,30.24,2.46,0.68
14.5,122.5,1998,JUL,31.52,27.16,4.62,77.8,21.34,2.91,30.41,2.88,0.83
15.5,122.5,1998,JUL,31.04,27.06,3.25,80.53,22.56,3.54,30.29,,
13.5,122.5,1999,JUL,29.53,26.09,3.15,84.04,18.08,4.53,28.6,2.69,0.94
14.5,122.5,1999,JUL,30.27,26.45,7.08,83.02,18.93,4.8,29.54,3.01,0.99
15.5,122.5,1999,JUL,30.39,26.89,8.94,82.97,20.82,5.46,29.62,,
13.5,122.5,2000,JUL,30.02,25.85,7.04,83.12,17.21,5.15,28.55,3.3,0.91
14.5,122.5,2000,JUL,30.23,25.96,9.21,83.19,16.24,5.42,28.8,3.54,0.99
15.5,122.5,2000,JUL,30.2,26.41,11.53,82.51,17.65,6.1,29.42,,
13.5,122.5,2001,JUL,29.9,25.77,5.17,83.86,18.86,4.12,28.3,3.16,0.94
14.5,122.5,2001,JUL,30.51,26.06,8.07,82.45,19.13,4.46,28.87,3.87,0.99
15.5,122.5,2001,JUL,30.42,26.32,10.37,81.9,20.16,4.78,29.13,,
13.5,122.5,2002,JUL,31.12,25.94,6.89,82.87,18.05,5.72,28.79,2.85,0.75
14.5,122.5,2002,JUL,30.32,26.38,8.44,83.33,19.05,5.77,28.89,3.21,0.89
15.5,122.5,2002,JUL,30.21,27.23,10.17,83.92,20.24,6.3,29.08,,
13.5,122.5,2003,JUL,31.48,26.38,7.92,81.43,19.62,3.45,29.06,3.09,0.86
14.5,122.5,2003,JUL,29.92,26.91,7.93,81.3,20.19,3.93,29.39,3.49,0.94
15.5,122.5,2003,JUL,29.71,27.0,8.94,81.67,21.61,4.02,29.64,,
13.5,122.5,2004,JUL,30.69,25.8,5.72,81.57,20.48,3.03,28.82,2.8,0.81
14.5,122.5,2004,JUL,29.73,26.47,6.42,82.41,19.83,3.55,28.92,3.3,0.96
15.5,122.5,2004,JUL,29.08,26.23,7.19,82.46,19.95,3.69,29.18,,
13.5,122.5,2005,JUL,30.17,26.31,8.08,83.18,19.14,3.72,29.03,2.56,0.83
14.5,122.5,2005,JUL,30.29,26.44,7.46,83.16,18.97,3.98,29.44,2.88,0.95
15.5,122.5,2005,JUL,30.41,27.06,6.18,82.94,20.83,4.08,29.83,,
13.5,122.5,2006,JUL,30.54,25.82,7.26,84.28,14.85,4.65,28.56,2.59,0.87
14.5,122.5,2006,JUL,30.52,26.46,11.67,83.77,14.82,4.99,29.09,2.81,0.96
15.5,122.5,2006,JUL,30.35,26.83,14.27,83.77,15.87,5.39,29.47,,
13.5,122.5,2007,JUL,31.01,26.58,6.2,81.52,20.04,3.27,29.45,2.95,0.89
14.5,122.5,2007,JUL,30.32,26.97,6.0,80.83,20.03,3.52,30.13,3.18,0.96
15.5,122.5,2007,JUL,30.3,27.4,4.76,81.42,21.51,3.56,30.32,,
13.5,122.5,2008,JUL,29.62,25.89,4.77,83.9,18.67,3.6,28.21,2.98,0.96
14.5,122.5,2008,JUL,29.61,26.47,7.0,83.14,18.31,4.24,28.93,3.09,0.99
15.5,122.5,2008,JUL,30.17,26.82,9.28,82.67,19.7,4.52,29.41,,
13.5,122.5,2009,JUL,30.13,26.25,7.71,84.28,17.85,3.88,28.54,3.0,0.98
14.5,122.5,2009,JUL,30.47,26.89,8.93,83.18,18.27,4.27,29.25,3.09,0.99
15.5,122.5,2009,JUL,30.7,27.41,9.68,82.64,19.99,4.2,29.81,,
13.5,122.5,2010,JUL,30.24,25.99,12.71,80.76,17.92,2.67,29.3,2.55,0.84
14.5,122.5,2010,JUL,31.27,27.13,12.53,79.52,18.22,3.31,30.04,2.79,0.91
15.5,122.5,2010,JUL,31.08,27.2,10.0,80.7,19.28,3.7,30.43,,
13.5,122.5,2011,JUL,30.26,25.82,12.45,83.61,16.91,4.43,28.16,3.47,0.97
14.5,122.5,2011,JUL,29.95,26.22,10.23,83.38,17.53,4.49,28.67,3.52,0.99
15.5,122.5,2011,JUL,30.24,26.82,9.04,83.07,19.63,4.73,29.19,,
13.5,122.5,2012,JUL,30.01,26.3,13.51,83.6,16.78,4.06,28.41,3.04,0.97
14.5,122.5,2012,JUL,30.15,26.78,13.47,82.32,17.58,4.19,29.09,3.29,1.0
15.5,122.5,2012,JUL,29.86,26.93,11.76,82.03,18.99,4.29,29.67,,
13.5,122.5,2013,JUL,30.61,26.5,11.36,81.61,18.03,3.11,28.93,2.86,0.95
14.5,122.5,2013,JUL,30.0,27.0,13.26,81.63,17.04,3.67,29.41,3.13,1.0
15.5,122.5,2013,JUL,30.04,27.0,11.25,81.46,16.34,3.84,29.79,,
13.5,122.5,2014,JUL,30.3,26.0,8.96,83.47,16.65,5.08,28.71,2.79,0.79
14.5,122.5,2014,JUL,31.24,26.5,9.32,82.33,16.84,4.96,29.27,2.99,0.86
15.5,122.5,2014,JUL,30.98,26.8,8.94,82.33,18.58,4.95,29.62,,
13.5,122.5,2015,JUL,31.27,26.27,4.97,80.98,18.25,4.97,28.99,2.64,0.7
14.5,122.5,2015,JUL,31.53,26.97,7.53,81.18,18.18,4.91,29.26,3.03,0.83
15.5,122.5,2015,JUL,31.32,27.24,6.37,81.19,18.88,5.12,29.51,,
13.5,122.5,2016,JUL,31.12,26.87,6.08,77.84,19.1,2.9,29.85,2.98,0.8
14.5,122.5,2016,JUL,30.86,27.27,6.93,78.78,19.31,3.15,30.21,3.08,0.92
15.5,122.5,2016,JUL,30.34,27.91,5.66,79.45,20.71,3.3,30.56,,
13.5,122.5,2017,JUL,30.48,26.39,11.03,80.75,16.53,3.58,29.47,3.22,0.95
14.5,122.5,2017,JUL,30.63,27.11,10.13,80.46,15.76,3.86,30.02,3.18,0.95
15.5,122.5,2017,JUL,30.4,27.06,9.85,81.04,16.47,4.03,30.31,,
13.5,122.5,2018,JUL,30.05,26.18,7.64,84.2,18.56,4.63,28.79,2.81,0.9
14.5,122.5,2018,JUL,30.38,26.54,8.89,82.54,18.06,4.73,29.4,3.3,0.96
15.5,122.5,2018,JUL,30.52,27.01,9.37,81.51,19.44,4.83,29.85,,
13.5,122.5,2019,JUL,30.94,26.62,5.72,79.49,17.99,3.51,29.58,2.48,0.72
14.5,122.5,2019,JUL,31.23,26.69,7.09,78.16,19.49,3.73,29.98,3.05,0.89
15.5,122.5,2019,JUL,30.76,27.29,6.05,79.7,20.58,4.2,30.23,,
13.5,122.5,2020,JUL,30.74,26.78,8.16,79.85,19.61,2.72,29.66,3.27,0.97
14.5,122.5,2020,JUL,30.81,27.6,7.23,79.39,19.64,3.23,30.27,3.16,0.96
15.5,122.5,2020,JUL,30.22,27.68,4.83,80.31,20.67,3.4,30.48,,
13.5,122.5,2021,JUL,30.47,26.75,10.14,82.61,17.63,4.81,29.31,3.27,0.89
14.5,122.5,2021,JUL,30.39,28.09,10.63,82.79,18.09,5.1,29.9,3.19,0.94
15.5,122.5,2021,JUL,30.5,27.68,9.13,82.23,19.02,5.49,30.15,,
13.5,122.5,2022,JUL,30.75,27.01,6.72,81.41,18.15,2.88,29.64,3.16,0.96
14.5,122.5,2022,JUL,30.56,27.68,7.36,81.16,18.19,3.21,30.04,3.32,0.98
15.5,122.5,2022,JUL,30.42,27.72,9.56,81.16,19.84,3.34,30.23,,
13.5,122.5,2023,JUL,32.22,26.19,8.69,81.43,18.35,4.72,29.56,3.34,0.85
14.5,122.5,2023,JUL,31.17,27.63,12.1,81.58,18.61,4.95,30.13,3.4,0.91
15.5,122.5,2023,JUL,30.65,27.91,10.23,81.61,20.04,5.28,30.31,,
13.5,122.5,2024,JUL,31.57,27.02,11.61,81.93,16.27,3.94,29.51,3.28,0.91
14.5,122.5,2024,JUL,30.98,27.8,14.75,81.81,15.66,4.33,29.99,3.47,0.97
15.5,122.5,2024,JUL,30.51,27.66,13.34,82.26,15.79,4.47,30.17,,
13.5,122.5,2025,JUL,30.37,26.82,7.92,83.92,17.04,5.51,29.07,3.69,0.93
14.5,122.5,2025,JUL,31.06,26.78,8.54,82.54,17.27,5.47,29.65,3.93,0.97
15.5,122.5,2025,JUL,30.84,28.06,7.52,81.84,18.56,6.09,30.06,,
13.5,122.5,1990,AUG,29.8,26.36,5.13,83.55,18.52,5.52,28.07,3.76,0.91
14.5,122.5,1990,AUG,30.0,26.75,7.55,82.63,18.5,5.61,28.68,4.08,0.97
15.5,122.5,1990,AUG,29.93,26.57,8.43,83.29,19.48,5.85,28.88,,
13.5,122.5,1991,AUG,30.24,26.11,5.85,84.71,18.11,4.9,28.41,2.92,0.89
14.5,122.5,1991,AUG,30.4,26.03,7.02,83.74,17.72,5.01,29.18,3.37,0.99
15.5,122.5,1991,AUG,30.51,26.46,9.35,83.1,19.27,5.23,29.51,,
13.5,122.5,1992,AUG,29.55,26.23,3.74,84.36,17.97,4.98,28.5,2.89,0.87
14.5,122.5,1992,AUG,29.92,27.04,5.93,82.96,18.3,5.12,29.2,3.28,0.98
15.5,122.5,1992,AUG,29.72,26.83,7.51,83.36,19.51,5.69,29.34,,
13.5,122.5,1993,AUG,31.05,25.66,6.76,82.26,17.98,4.24,28.56,2.86,0.79
14.5,122.5,1993,AUG,30.29,26.35,7.02,81.25,18.71,4.28,29.3,3.3,0.91
15.5,122.5,1993,AUG,29.81,26.41,6.84,81.07,20.39,4.25,29.24,,
13.5,122.5,1994,AUG,30.71,25.83,2.05,83.03,20.1,3.92,28.26,3.48,0.89
14.5,122.5,1994,AUG,30.86,26.6,4.2,81.58,20.12,4.28,28.66,3.89,0.96
15.5,122.5,1994,AUG,30.62,26.69,6.81,82.16,21.02,4.72,28.74,,
13.5,122.5,1995,AUG,29.53,26.17,7.93,84.37,18.19,3.67,28.64,3.02,0.98
14.5,122.5,1995,AUG,29.58,26.64,9.15,84.29,17.84,4.09,28.99,3.03,1.0
15.5,122.5,1995,AUG,29.56,26.67,9.98,84.12,18.39,4.24,29.15,,
13.5,122.5,1996,AUG,30.22,25.9,3.0,82.76,20.77,3.39,28.39,3.31,0.93
14.5,122.5,1996,AUG,30.04,26.59,3.74,81.56,21.23,3.67,28.75,3.42,0.97
15.5,122.5,1996,AUG,29.97,26.64,6.77,81.94,21.97,4.2,29.0,,
13.5,122.5,1997,AUG,30.07,25.63,2.53,84.27,18.96,5.17,28.18,2.86,0.82
14.5,122.5,1997,AUG,30.09,26.3,5.17,83.51,19.17,5.6,28.62,3.52,0.96
15.5,122.5,1997,AUG,30.33,26.68,7.89,83.5,20.52,5.96,28.75,,
13.5,122.5,1998,AUG,30.61,26.36,5.67,80.38,18.85,2.65,29.5,2.72,0.79
14.5,122.5,1998,AUG,30.69,26.95,5.45,79.54,19.56,3.09,30.18,2.79,0.91
15.5,122.5,1998,AUG,30.82,27.18,5.47,80.17,20.55,3.48,30.72,,
13.5,122.5,1999,AUG,29.63,25.36,7.3,84.03,17.31,4.54,28.09,3.25,0.93
14.5,122.5,1999,AUG,29.49,26.12,9.32,84.54,17.33,4.86,28.49,3.58,0.99
15.5,122.5,1999,AUG,29.58,25.54,11.18,83.22,17.97,5.48,29.16,,
13.5,122.5,2000,AUG,30.11,25.61,3.15,82.14,18.79,3.62,28.73,3.04,0.89
14.5,122.5,2000,AUG,29.85,26.45,5.21,81.83,19.36,3.87,29.13,3.16,0.97
15.5,122.5,2000,AUG,30.6,26.52,6.09,81.24,20.57,3.93,29.64,,
13.5,122.5,2001,AUG,29.51,26.35,6.61,86.2,17.0,5.15,28.42,3.08,0.95
14.5,122.5,2001,AUG,30.21,27.33,7.63,84.88,17.58,4.98,29.23,3.35,0.99
15.5,122.5,2001,AUG,30.13,27.38,7.3,84.72,18.71,5.01,29.43,,
13.5,122.5,2002,AUG,29.4,25.93,8.23,84.05,18.16,4.04,28.26,3.08,0.9
14.5,122.5,2002,AUG,30.15,26.45,7.17,82.75,19.0,3.8,28.78,3.48,0.97
15.5,122.5,2002,AUG,29.76,26.52,6.78,81.97,20.01,4.23,29.17,,
13.5,122.5,2003,AUG,29.33,26.37,6.04,84.76,18.91,4.27,28.41,2.92,0.94
14.5,122.5,2003,AUG,30.51,26.91,7.64,82.94,18.6,4.53,29.05,3.4,0.98
15.5,122.5,2003,AUG,30.14,27.02,11.07,82.93,18.79,4.9,29.24,,
13.5,122.5,2004,AUG,29.36,25.55,6.0,86.63,18.8,5.31,27.86,2.94,0.93
14.5,122.5,2004,AUG,29.84,26.3,7.58,85.22,19.1,5.35,28.51,3.25,0.99
15.5,122.5,2004,AUG,29.83,26.9,11.53,83.83,19.97,5.15,29.01,,
13.5,122.5,2005,AUG,30.34,25.82,5.2,83.74,17.5,3.99,28.49,2.91,0.92
14.5,122.5,2005,AUG,30.48,26.09,7.81,83.12,16.91,4.1,29.0,3.11,0.99
15.5,122.5,2005,AUG,30.73,26.25,10.35,82.59,18.07,4.38,29.67,,
13.5,122.5,2006,AUG,30.28,26.21,6.53,84.67,18.16,4.37,28.17,3.24,0.97
14.5,122.5,2006,AUG,29.92,26.77,6.05,83.36,18.34,4.52,28.76,3.63,0.99
15.5,122.5,2006,AUG,29.68,26.97,7.64,83.07,20.05,4.66,29.06,,
13.5,122.5,2007,AUG,30.46,25.9,5.22,83.01,16.54,4.38,28.88,3.06,0.9
14.5,122.5,2007,AUG,30.61,26.38,9.17,82.02,17.26,4.66,29.68,3.4,0.98
15.5,122.5,2007,AUG,30.8,26.95,12.72,81.56,17.66,5.09,30.02,,
13.5,122.5,2008,AUG,29.5,25.61,5.14,82.31,18.23,3.29,28.3,3.24,0.95
14.5,122.5,2008,AUG,29.91,26.37,6.95,81.39,18.14,4.01,28.95,3.48,0.98
15.5,122.5,2008,AUG,29.87,26.61,8.66,81.46,18.88,4.57,29.38,,
13.5,122.5,2009,AUG,30.38,26.42,4.01,83.17,18.8,4.42,28.75,3.72,0.94
14.5,122.5,2009,AUG,30.58,27.17,4.8,81.66,18.46,4.32,29.46,3.66,0.97
15.5,122.5,2009,AUG,30.41,27.15,6.16,81.02,20.09,3.89,29.75,,
13.5,122.5,2010,AUG,30.22,26.31,8.1,82.18,18.37,3.57,28.72,3.37,0.98
14.5,122.5,2010,AUG,30.26,26.69,9.5,81.35,18.7,3.86,29.62,3.45,1.0
15.5,122.5,2010,AUG,30.32,26.84,9.53,81.16,19.68,4.2,30.04,,
13.5,122.5,2011,AUG,30.01,26.2,7.02,83.86,17.95,4.22,28.24,3.52,0.98
14.5,122.5,2011,AUG,29.96,26.79,9.45,83.82,17.22,4.85,28.76,3.68,0.99
15.5,122.5,2011,AUG,29.84,27.17,10.07,83.91,18.09,4.94,29.0,,
13.5,122.5,2012,AUG,29.78,26.18,3.62,83.35,18.25,5.08,28.14,3.81,0.95
14.5,122.5,2012,AUG,29.95,26.51,7.43,83.47,17.56,5.46,28.53,3.91,0.99
15.5,122.5,2012,AUG,30.08,26.7,12.16,83.98,18.89,6.09,28.97,,
13.5,122.5,2013,AUG,29.49,26.06,8.11,84.2,16.51,4.46,28.24,3.11,0.99
14.5,122.5,2013,AUG,30.15,26.85,12.54,83.31,15.97,4.87,28.94,3.26,1.0
15.5,122.5,2013,AUG,29.97,26.54,14.62,82.73,15.9,5.34,29.34,,
13.5,122.5,2014,AUG,31.16,26.2,6.83,80.66,19.83,3.37,28.72,3.29,0.86
14.5,122.5,2014,AUG,31.04,26.73,7.21,81.14,18.24,3.84,28.98,3.44,0.94
15.5,122.5,2014,AUG,30.26,27.28,7.18,81.52,19.1,4.27,29.24,,
13.5,122.5,2015,AUG,32.01,26.53,4.91,79.83,19.63,3.9,29.32,3.19,0.76
14.5,122.5,2015,AUG,30.67,27.28,4.85,79.85,19.5,4.1,29.66,3.27,0.87
15.5,122.5,2015,AUG,31.02,27.48,3.49,80.14,20.06,4.4,29.88,,
13.5,122.5,2016,AUG,30.47,26.46,4.03,83.44,18.63,4.75,28.91,3.13,0.85
14.5,122.5,2016,AUG,30.7,27.43,6.41,82.02,18.54,5.0,29.53,3.62,0.96
15.5,122.5,2016,AUG,30.44,28.07,8.09,81.71,19.15,5.28,29.9,,
13.5,122.5,2017,AUG,30.73,26.44,6.93,81.22,19.77,3.36,29.33,3.46,0.96
14.5,122.5,2017,AUG,31.01,27.19,7.27,80.53,19.82,3.99,29.89,3.5,0.98
15.5,122.5,2017,AUG,30.96,27.85,9.42,80.45,21.32,4.47,30.25,,
13.5,122.5,2018,AUG,30.25,26.58,4.81,82.81,18.02,5.17,28.46,3.65,0.93
14.5,122.5,2018,AUG,30.53,27.25,7.17,82.27,18.06,5.34,29.13,3.57,0.97
15.5,122.5,2018,AUG,30.31,27.72,7.79,81.86,18.92,5.92,29.75,,
13.5,122.5,2019,AUG,30.78,26.49,7.26,83.49,16.87,5.71,28.68,3.23,0.84
14.5,122.5,2019,AUG,30.65,26.78,10.18,83.62,17.32,5.7,29.13,3.65,0.97
15.5,122.5,2019,AUG,30.54,26.9,14.61,83.35,18.72,5.99,29.56,,
13.5,122.5,2020,AUG,30.63,26.52,6.78,80.69,18.24,3.24,29.03,3.32,0.98
14.5,122.5,2020,AUG,31.24,26.95,7.74,80.08,17.9,3.93,29.77,3.42,0.99
15.5,122.5,2020,AUG,31.04,27.22,6.81,80.23,17.54,4.12,30.09,,
13.5,122.5,2021,AUG,30.41,26.77,5.97,80.92,19.46,3.34,29.13,3.27,0.91
14.5,122.5,2021,AUG,30.75,27.25,5.48,81.27,18.53,3.63,29.54,3.18,0.96
15.5,122.5,2021,AUG,30.7,27.54,4.78,81.32,19.18,3.97,29.89,,
13.5,122.5,2022,AUG,30.32,26.69,9.65,80.77,17.2,3.17,29.16,3.41,0.98
14.5,122.5,2022,AUG,29.96,27.43,11.66,80.44,17.06,3.56,29.78,3.29,0.99
15.5,122.5,2022,AUG,30.0,27.66,8.4,80.89,17.07,3.92,30.14,,
13.5,122.5,2023,AUG,31.34,27.58,2.54,82.27,21.15,4.86,29.25,3.48,0.86
14.5,122.5,2023,AUG,30.9,28.09,3.46,81.85,21.29,5.35,29.65,3.71,0.92
15.5,122.5,2023,AUG,30.91,28.27,6.7,81.45,21.51,5.76,29.91,,
13.5,122.5,2024,AUG,30.91,27.61,4.46,80.82,19.98,3.07,29.79,3.24,0.95
14.5,122.5,2024,AUG,31.23,28.19,4.6,80.09,20.77,3.63,30.23,3.44,0.96
15.5,122.5,2024,AUG,31.21,28.55,3.56,80.33,21.75,4.01,30.53,,
13.5,122.5,2025,AUG,31.13,26.24,8.13,81.53,18.72,3.13,29.01,3.51,0.94
14.5,122.5,2025,AUG,30.9,27.19,7.1,80.28,17.76,3.31,29.38,3.51,0.95
15.5,122.5,2025,AUG,30.6,26.83,7.83,80.97,17.51,3.52,29.82,,
13.5,122.5,1990,SEP,30.03,25.76,4.73,83.01,18.46,3.64,28.01,3.19,0.86
14.5,122.5,1990,SEP,29.77,26.35,5.63,83.61,18.15,3.96,28.13,3.47,0.96
15.5,122.5,1990,SEP,29.51,26.95,6.8,83.01,19.0,4.63,28.61,,
13.5,122.5,1991,SEP,29.48,25.74,2.98,84.3,18.53,4.8,28.27,2.89,0.88
14.5,122.5,1991,SEP,30.16,26.56,6.08,83.12,18.61,4.9,28.65,3.51,0.97
15.5,122.5,1991,SEP,30.11,26.66,8.41,82.92,19.23,5.2,28.83,,
13.5,122.5,1992,SEP,29.79,25.38,4.12,84.35,18.3,4.05,27.92,2.9,0.85
14.5,122.5,1992,SEP,29.25,26.32,7.07,83.36,17.71,4.49,28.49,3.62,0.98
15.5,122.5,1992,SEP,28.98,26.79,9.31,82.47,18.12,4.8,28.85,,
13.5,122.5,1993,SEP,30.33,25.13,4.98,84.44,18.43,3.33,27.94,2.5,0.87
14.5,122.5,1993,SEP,29.22,26.67,9.61,83.53,17.16,3.75,28.68,2.95,0.99
15.5,122.5,1993,SEP,29.26,26.49,11.88,83.52,17.9,4.22,29.03,,
13.5,122.5,1994,SEP,29.79,25.73,7.37,83.42,16.79,3.66,28.09,3.06,0.89
14.5,122.5,1994,SEP,29.71,26.5,8.82,82.1,17.06,3.7,28.72,3.31,0.98
15.5,122.5,1994,SEP,29.43,26.93,7.38,80.64,18.83,3.82,29.05,,
13.5,122.5,1995,SEP,29.52,26.23,11.41,85.14,15.74,4.56,28.61,3.1,0.99
14.5,122.5,1995,SEP,29.8,26.06,13.78,85.12,15.04,4.66,28.8,3.17,1.0
15.5,122.5,1995,SEP,29.72,26.56,11.09,85.05,16.28,4.86,28.92,,
13.5,122.5,1996,SEP,30.62,26.2,4.93,83.19,18.33,3.73,28.59,3.09,0.9
14.5,122.5,1996,SEP,30.13,26.94,6.99,82.5,18.38,3.93,28.95,3.35,0.96
15.5,122.5,1996,SEP,30.82,26.77,10.16,82.41,19.42,4.23,29.21,,
13.5,122.5,1997,SEP,30.31,25.5,6.14,83.99,17.75,3.11,28.11,2.73,0.84
14.5,122.5,1997,SEP,29.56,26.32,5.55,82.92,18.01,3.64,28.64,3.28,0.96
15.5,122.5,1997,SEP,29.38,26.93,4.21,82.96,19.67,3.94,28.75,,
13.5,122.5,1998,SEP,31.4,26.24,6.48,82.54,18.19,3.9,29.38,2.8,0.84
14.5,122.5,1998,SEP,31.1,27.15,9.45,82.22,18.07,4.59,29.72,3.11,0.95
15.5,122.5,1998,SEP,30.86,27.39,11.81,82.15,18.65,4.96,30.01,,
13.5,122.5,1999,SEP,29.09,25.83,5.0,84.24,17.21,3.95,27.91,3.13,0.96
14.5,122.5,1999,SEP,29.51,26.53,8.64,84.03,16.73,4.43,28.45,3.19,0.99
15.5,122.5,1999,SEP,29.6,26.59,10.87,83.51,17.27,4.93,28.92,,
13.5,122.5,2000,SEP,29.95,25.79,7.86,83.12,17.56,4.53,28.32,3.15,0.9
14.5,122.5,2000,SEP,30.36,25.94,9.05,83.98,17.55,5.12,28.61,3.57,0.98
15.5,122.5,2000,SEP,30.1,26.14,8.78,83.52,19.34,5.67,28.99,,
13.5,122.5,2001,SEP,29.9,25.63,2.26,83.52,20.25,3.57,28.43,2.7,0.92
14.5,122.5,2001,SEP,30.41,26.8,3.71,81.54,20.39,4.49,29.3,3.1,0.96
15.5,122.5,2001,SEP,30.31,27.55,5.84,81.26,20.58,4.94,29.56,,
13.5,122.5,2002,SEP,29.69,25.62,8.33,84.3,17.78,3.34,28.11,3.16,0.96
14.5,122.5,2002,SEP,30.23,26.24,9.31,82.6,18.35,3.52,29.01,3.28,0.98
15.5,122.5,2002,SEP,29.74,26.07,8.62,82.77,18.95,3.61,28.9,,
13.5,122.5,2003,SEP,29.51,25.85,7.72,85.48,18.22,3.54,28.0,2.81,0.97
14.5,122.5,2003,SEP,29.49,26.12,8.08,83.95,18.01,3.64,28.39,3.19,0.99
15.5,122.5,2003,SEP,29.54,26.78,8.88,82.72,18.71,4.02,29.05,,
13.5,122.5,2004,SEP,30.95,25.21,4.07,79.97,20.76,3.15,28.84,3.61,0.9
14.5,122.5,2004,SEP,29.71,26.41,3.98,80.21,20.14,3.67,29.06,3.71,0.96
15.5,122.5,2004,SEP,29.72,26.45,4.01,79.94,20.74,4.03,29.27,,
13.5,122.5,2005,SEP,30.14,26.41,14.2,84.03,16.74,3.88,28.71,3.13,0.97
14.5,122.5,2005,SEP,29.89,26.72,13.0,83.28,16.5,4.21,28.76,3.47,0.99
15.5,122.5,2005,SEP,29.81,26.92,12.65,82.55,17.5,4.76,29.38,,
13.5,122.5,2006,SEP,30.13,26.02,10.15,83.48,18.54,3.23,28.57,2.78,0.96
14.5,122.5,2006,SEP,30.44,27.06,10.09,80.8,18.12,3.66,29.38,3.1,0.97
15.5,122.5,2006,SEP,30.02,26.99,7.88,80.96,19.17,3.89,29.6,,
13.5,122.5,2007,SEP,31.04,25.81,8.94,83.13,17.1,3.83,28.86,2.74,0.93
14.5,122.5,2007,SEP,30.42,26.3,10.02,82.38,17.68,4.08,29.48,2.89,0.99
15.5,122.5,2007,SEP,30.22,27.62,10.37,81.53,18.6,4.29,29.92,,
13.5,122.5,2008,SEP,30.05,25.83,6.94,83.4,17.65,4.11,28.31,3.17,0.95
14.5,122.5,2008,SEP,29.86,26.44,10.1,83.15,17.37,4.5,28.81,3.34,0.99
15.5,122.5,2008,SEP,29.59,26.6,10.65,82.13,19.13,4.8,29.36,,
13.5,122.5,2009,SEP,31.16,25.91,9.96,84.77,14.73,4.74,28.25,3.22,0.95
14.5,122.5,2009,SEP,30.09,26.66,14.61,83.11,15.1,4.9,29.07,3.6,0.99
15.5,122.5,2009,SEP,30.54,27.0,13.47,82.15,16.47,5.08,29.57,,
13.5,122.5,2010,SEP,30.25,25.92,10.39,80.78,18.49,2.96,28.95,3.12,0.98
14.5,122.5,2010,SEP,30.48,27.05,9.6,80.1,17.18,3.7,29.58,3.32,0.99
15.5,122.5,2010,SEP,30.36,27.68,9.77,80.39,18.22,4.32,29.95,,
13.5,122.5,2011,SEP,29.71,26.05,8.02,84.33,18.3,4.15,28.24,3.04,0.96
14.5,122.5,2011,SEP,29.85,26.32,10.19,83.37,18.19,4.47,28.64,3.28,0.99
15.5,122.5,2011,SEP,30.05,26.71,11.85,82.69,18.78,4.63,29.1,,
13.5,122.5,2012,SEP,29.91,26.11,8.15,83.68,17.1,3.26,28.26,3.06,0.96
14.5,122.5,2012,SEP,29.5,25.94,13.83,83.0,16.57,3.27,28.62,3.57,0.99
15.5,122.5,2012,SEP,29.75,26.68,11.09,82.55,17.26,3.53,29.02,,
13.5,122.5,2013,SEP,30.25,26.29,6.04,83.81,16.88,4.04,28.45,3.08,0.96
14.5,122.5,2013,SEP,29.49,26.78,11.13,83.5,16.9,3.96,28.96,3.16,0.99
15.5,122.5,2013,SEP,30.29,26.96,10.78,82.3,18.38,3.61,29.28,,
13.5,122.5,2014,SEP,30.61,26.16,11.64,82.92,16.96,3.92,28.35,3.6,0.98
14.5,122.5,2014,SEP,30.13,26.75,12.47,82.58,16.79,4.34,28.82,3.79,0.99
15.5,122.5,2014,SEP,30.34,27.14,13.44,81.94,18.5,4.67,29.17,,
13.5,122.5,2015,SEP,31.2,26.82,5.93,80.33,20.72,3.1,29.35,3.37,0.82
14.5,122.5,2015,SEP,30.93,27.42,5.43,80.63,19.86,3.25,29.71,3.52,0.91
15.5,122.5,2015,SEP,30.38,27.77,3.47,80.19,21.38,3.55,29.9,,
13.5,122.5,2016,SEP,30.79,26.59,6.3,81.96,18.87,3.36,29.01,2.74,0.83
14.5,122.5,2016,SEP,30.9,27.46,8.34,81.03,18.51,3.71,29.44,3.04,0.96
15.5,122.5,2016,SEP,30.39,27.44,6.96,80.82,19.38,4.08,29.76,,
13.5,122.5,2017,SEP,31.36,26.95,14.95,81.82,18.34,3.17,29.11,3.12,0.98
14.5,122.5,2017,SEP,30.87,27.48,12.15,80.18,17.33,3.43,29.71,3.38,0.98
15.5,122.5,2017,SEP,30.52,27.8,5.54,80.11,18.48,3.78,29.98,,
13.5,122.5,2018,SEP,30.25,26.25,7.61,82.93,19.07,3.71,28.54,3.35,0.96
14.5,122.5,2018,SEP,30.6,27.12,7.98,81.88,18.72,4.14,29.08,3.52,0.98
15.5,122.5,2018,SEP,30.05,27.43,8.25,81.24,20.34,4.09,29.44,,
13.5,122.5,2019,SEP,30.93,26.01,6.44,82.18,18.8,4.31,28.61,3.69,0.94
14.5,122.5,2019,SEP,30.36,26.72,7.74,82.33,18.11,4.56,28.93,3.85,0.99
15.5,122.5,2019,SEP,30.28,26.81,7.63,81.82,18.63,4.99,29.35,,
13.5,122.5,2020,SEP,30.67,26.72,6.17,80.37,18.49,2.77,29.35,3.13,0.95
14.5,122.5,2020,SEP,30.93,27.26,6.41,80.04,18.43,3.29,29.86,3.15,0.97
15.5,122.5,2020,SEP,30.94,28.16,4.98,80.23,19.01,3.51,30.2,,
13.5,122.5,2021,SEP,30.01,26.37,11.42,82.05,17.91,3.07,28.98,3.11,0.98
14.5,122.5,2021,SEP,30.35,27.22,8.95,81.6,17.32,3.6,29.56,3.01,0.99
15.5,122.5,2021,SEP,30.06,27.27,6.37,81.62,18.93,3.62,29.95,,
13.5,122.5,2022,SEP,30.98,26.71,7.27,82.35,18.22,3.81,28.93,3.2,0.97
14.5,122.5,2022,SEP,30.66,26.5,8.85,82.33,18.65,4.44,29.45,3.32,0.99
15.5,122.5,2022,SEP,30.71,26.81,9.54,80.89,20.02,4.73,29.84,,
13.5,122.5,2023,SEP,31.07,27.02,5.71,80.43,18.75,2.77,29.65,3.09,0.85
14.5,122.5,2023,SEP,30.64,27.23,5.32,80.43,18.43,3.01,29.72,3.17,0.91
15.5,122.5,2023,SEP,30.08,27.16,5.49,81.7,19.72,3.05,29.69,,
13.5,122.5,2024,SEP,30.85,26.66,11.37,83.96,16.45,4.41,28.99,3.46,0.98
14.5,122.5,2024,SEP,30.67,27.45,11.58,82.54,15.89,4.62,29.68,3.44,0.99
15.5,122.5,2024,SEP,30.69,28.0,12.62,81.64,15.6,4.7,30.19,,
13.5,122.5,2025,SEP,29.99,26.62,13.53,84.19,15.75,3.84,28.48,3.13,0.99
14.5,122.5,2025,SEP,29.6,26.84,17.0,84.02,14.17,4.3,28.88,3.25,1.0
15.5,122.5,2025,SEP,29.89,26.96,14.09,82.99,14.56,4.65,29.47,,
13.5,122.5,1990,OCT,29.44,25.39,11.56,83.64,16.94,4.05,27.93,3.4,0.96
14.5,122.5,1990,OCT,29.16,26.3,16.18,83.26,14.03,4.96,28.16,3.74,0.99
15.5,122.5,1990,OCT,28.99,26.62,13.06,82.76,14.7,5.48,28.42,,
13.5,122.5,1991,OCT,30.22,25.24,5.48,79.69,18.01,4.16,28.33,3.91,0.86
14.5,122.5,1991,OCT,30.02,26.27,8.78,79.18,17.21,5.24,28.61,4.43,0.94
15.5,122.5,1991,OCT,29.72,26.47,4.03,78.66,17.61,5.99,28.59,,
13.5,122.5,1992,OCT,30.19,25.34,7.41,83.59,16.19,4.34,28.02,3.5,0.92
14.5,122.5,1992,OCT,28.9,26.07,13.76,83.72,15.87,5.51,28.11,3.9,0.99
15.5,122.5,1992,OCT,28.91,26.72,10.82,82.73,16.08,6.7,28.47,,
13.5,122.5,1993,OCT,29.15,25.11,11.06,84.82,15.91,5.33,27.29,3.82,0.95
14.5,122.5,1993,OCT,29.08,25.86,13.04,84.22,13.67,6.19,27.62,3.97,1.0
15.5,122.5,1993,OCT,29.23,25.97,10.9,83.81,14.99,6.51,27.78,,
13.5,122.5,1994,OCT,29.27,24.89,6.01,82.16,19.17,4.29,27.57,4.11,0.95
14.5,122.5,1994,OCT,29.93,25.89,7.61,81.2,17.08,5.53,27.95,4.44,0.97
15.5,122.5,1994,OCT,29.18,25.49,6.75,80.74,18.46,6.3,27.89,,
13.5,122.5,1995,OCT,29.78,25.94,10.27,83.63,16.7,4.08,28.09,3.98,0.98
14.5,122.5,1995,OCT,29.11,26.23,14.35,83.91,15.78,5.08,28.26,4.18,0.99
15.5,122.5,1995,OCT,29.08,26.58,12.72,83.68,15.9,5.53,28.37,,
13.5,122.5,1996,OCT,30.44,26.54,7.24,82.11,17.92,3.61,28.86,3.1,0.91
14.5,122.5,1996,OCT,30.1,26.72,9.34,81.99,16.7,4.43,29.35,3.37,0.97
15.5,122.5,1996,OCT,29.49,26.9,9.14,82.77,17.67,4.93,29.34,,
13.5,122.5,1997,OCT,30.38,25.78,3.07,79.61,18.83,4.13,28.79,4.02,0.86
14.5,122.5,1997,OCT,30.39,26.23,4.65,79.56,17.98,4.95,29.0,4.24,0.93
15.5,122.5,1997,OCT,29.86,26.81,4.39,79.32,18.92,5.15,28.91,,
13.5,122.5,1998,OCT,30.68,26.58,15.04,84.41,15.15,5.16,28.82,3.14,0.98
14.5,122.5,1998,OCT,30.18,27.29,19.04,83.99,14.2,5.98,29.1,3.42,1.0
15.5,122.5,1998,OCT,30.61,27.23,21.56,83.55,14.43,6.47,29.29,,
13.5,122.5,1999,OCT,30.5,26.12,12.38,83.05,16.93,3.99,28.36,3.32,0.96
14.5,122.5,1999,OCT,29.35,26.59,14.93,82.9,15.41,4.77,28.54,3.47,1.0
15.5,122.5,1999,OCT,29.29,26.35,11.9,82.7,15.3,5.26,28.71,,
13.5,122.5,2000,OCT,29.95,25.82,14.28,84.83,16.78,4.22,28.01,3.39,0.97
14.5,122.5,2000,OCT,29.03,26.04,16.03,85.01,15.37,5.34,28.48,3.45,1.0
15.5,122.5,2000,OCT,28.9,26.41,14.67,84.89,15.49,5.62,28.59,,
13.5,122.5,2001,OCT,30.65,25.99,13.55,83.92,16.31,4.22,28.07,3.27,0.96
14.5,122.5,2001,OCT,29.67,26.56,11.65,82.17,15.24,5.22,28.88,3.71,0.98
15.5,122.5,2001,OCT,30.25,26.97,6.91,80.6,17.11,5.68,28.99,,
13.5,122.5,2002,OCT,30.4,26.32,8.44,82.38,18.27,3.12,28.63,3.35,0.98
14.5,122.5,2002,OCT,29.56,27.19,8.59,81.99,17.05,3.87,28.97,3.64,0.99
15.5,122.5,2002,OCT,29.64,26.6,5.77,81.49,17.74,3.99,29.15,,
13.5,122.5,2003,OCT,29.98,25.31,8.72,81.24,16.52,4.41,28.11,4.29,0.98
14.5,122.5,2003,OCT,29.9,26.92,9.91,79.56,15.4,5.4,28.71,4.68,0.98
15.5,122.5,2003,OCT,29.4,27.17,6.93,79.24,17.53,5.99,28.82,,
13.5,122.5,2004,OCT,29.42,24.76,12.62,80.97,16.55,4.25,27.77,4.32,0.96
14.5,122.5,2004,OCT,29.0,25.69,11.8,80.13,14.82,5.29,27.85,4.48,0.97
15.5,122.5,2004,OCT,29.09,26.3,6.61,78.44,15.24,6.14,28.07,,
13.5,122.5,2005,OCT,30.07,26.08,12.25,83.31,16.55,3.44,28.33,3.47,0.98
14.5,122.5,2005,OCT,29.5,26.61,14.06,82.36,14.57,4.37,28.82,3.93,0.99
15.5,122.5,2005,OCT,29.32,26.47,9.84,81.83,15.35,5.12,28.96,,
13.5,122.5,2006,OCT,29.87,25.31,6.76,81.51,15.92,4.18,28.07,4.29,0.97
14.5,122.5,2006,OCT,29.27,26.59,10.94,80.29,13.89,4.79,28.64,4.4,0.98
15.5,122.5,2006,OCT,29.64,26.81,11.1,79.35,15.22,5.61,28.85,,
13.5,122.5,2007,OCT,29.82,26.23,12.48,84.3,15.48,5.22,28.0,3.67,0.98
14.5,122.5,2007,OCT,29.7,26.67,12.88,83.41,14.57,5.94,28.49,4.0,0.99
15.5,122.5,2007,OCT,29.39,26.79,9.49,82.14,16.04,6.38,28.79,,
13.5,122.5,2008,OCT,30.21,26.3,9.01,83.43,17.63,3.44,28.49,3.22,0.98
14.5,122.5,2008,OCT,29.38,27.05,11.79,84.06,17.06,4.42,28.91,3.39,1.0
15.5,122.5,2008,OCT,29.4,27.1,7.82,83.37,18.25,4.85,29.15,,
13.5,122.5,2009,OCT,29.9,25.38,11.0,83.7,15.45,4.77,27.84,3.8,0.98
14.5,122.5,2009,OCT,29.76,26.44,14.42,82.25,14.97,5.52,28.46,4.07,0.99
15.5,122.5,2009,OCT,29.64,26.68,13.45,81.29,15.62,6.37,28.78,,
13.5,122.5,2010,OCT,30.08,26.0,11.42,83.89,14.69,3.97,28.43,2.81,1.0
14.5,122.5,2010,OCT,29.57,26.95,14.69,82.75,14.18,5.06,29.01,3.15,1.0
15.5,122.5,2010,OCT,29.78,27.04,12.39,82.2,15.97,5.62,29.31,,
13.5,122.5,2011,OCT,30.0,25.1,10.92,84.52,17.08,4.3,27.92,3.33,0.98
14.5,122.5,2011,OCT,29.44,26.26,13.29,83.62,16.61,5.11,28.42,3.46,0.99
15.5,122.5,2011,OCT,29.39,26.88,9.8,82.97,17.13,5.51,28.63,,
13.5,122.5,2012,OCT,29.63,25.56,11.4,81.55,16.51,4.41,27.98,4.47,0.97
14.5,122.5,2012,OCT,28.99,26.52,10.89,79.88,15.59,4.9,28.4,4.56,0.98
15.5,122.5,2012,OCT,29.22,26.46,9.59,79.02,16.46,5.39,28.55,,
13.5,122.5,2013,OCT,29.86,25.37,6.85,80.83,16.25,4.39,27.93,4.17,0.96
14.5,122.5,2013,OCT,30.05,26.18,10.43,78.48,15.3,4.91,28.47,4.65,0.98
15.5,122.5,2013,OCT,29.79,26.7,8.45,77.61,17.15,5.5,28.65,,
13.5,122.5,2014,OCT,30.18,26.04,11.62,82.95,17.02,3.75,28.19,3.65,0.99
14.5,122.5,2014,OCT,29.15,26.64,13.51,82.6,15.3,4.47,28.43,3.83,0.99
15.5,122.5,2014,OCT,29.25,26.45,9.55,81.83,16.64,5.15,28.48,,
13.5,122.5,2015,OCT,30.9,26.1,7.36,79.91,17.64,4.67,28.8,4.08,0.9
14.5,122.5,2015,OCT,30.74,27.01,10.73,79.77,16.96,5.5,29.13,4.33,0.96
15.5,122.5,2015,OCT,29.94,27.19,10.85,80.44,17.53,6.26,29.1,,
13.5,122.5,2016,OCT,30.09,26.49,14.04,84.35,15.46,4.1,28.3,2.99,0.97
14.5,122.5,2016,OCT,29.57,26.66,15.32,83.36,15.36,4.86,28.8,3.32,1.0
15.5,122.5,2016,OCT,29.35,27.46,12.19,82.99,16.49,5.25,29.12,,
13.5,122.5,2017,OCT,30.1,26.23,12.04,82.25,15.2,4.06,28.71,3.55,0.99
14.5,122.5,2017,OCT,29.86,27.16,15.94,81.38,14.36,4.73,29.2,3.74,1.0
15.5,122.5,2017,OCT,30.1,27.58,13.61,80.95,15.36,5.44,29.47,,
13.5,122.5,2018,OCT,30.76,24.7,4.76,79.21,18.88,4.26,28.79,4.27,0.91
14.5,122.5,2018,OCT,30.18,25.75,6.67,80.04,18.69,4.98,29.2,4.11,0.94
15.5,122.5,2018,OCT,29.8,25.63,3.86,80.24,19.7,5.28,29.14,,
13.5,122.5,2019,OCT,30.72,26.16,8.14,80.16,19.03,4.29,28.69,4.18,0.91
14.5,122.5,2019,OCT,29.65,26.92,6.5,80.45,17.54,5.03,28.97,4.23,0.95
15.5,122.5,2019,OCT,29.35,27.07,3.06,80.4,18.55,5.5,29.11,,
13.5,122.5,2020,OCT,30.97,26.39,24.07,83.63,15.03,3.8,28.79,3.14,0.99
14.5,122.5,2020,OCT,29.83,27.27,20.52,82.67,13.91,4.75,29.47,3.25,1.0
15.5,122.5,2020,OCT,30.18,27.68,16.76,82.1,13.93,5.44,29.74,,
13.5,122.5,2021,OCT,30.55,26.43,12.2,83.72,14.84,4.67,28.51,3.66,0.99
14.5,122.5,2021,OCT,30.71,26.89,10.75,81.64,14.4,5.26,29.2,4.01,1.0
15.5,122.5,2021,OCT,30.51,27.25,8.28,80.48,14.97,5.47,29.49,,
13.5,122.5,2022,OCT,30.39,26.94,13.57,83.39,16.19,4.79,28.81,3.5,0.99
14.5,122.5,2022,OCT,29.99,27.46,16.73,83.89,15.23,5.54,29.2,3.48,1.0
15.5,122.5,2022,OCT,30.06,27.28,13.47,83.59,15.66,5.94,29.3,,
13.5,122.5,2023,OCT,31.06,26.93,11.84,82.31,17.43,3.63,29.1,3.65,0.95
14.5,122.5,2023,OCT,30.52,27.62,11.14,82.19,15.25,4.63,29.32,3.82,0.98
15.5,122.5,2023,OCT,30.3,27.7,5.88,81.8,16.16,5.08,29.42,,
13.5,122.5,2024,OCT,30.92,26.68,18.22,82.85,16.19,4.35,28.98,3.41,0.98
14.5,122.5,2024,OCT,30.31,27.75,16.06,83.01,14.75,5.19,29.4,3.53,0.99
15.5,122.5,2024,OCT,30.36,27.6,11.72,81.99,14.45,5.74,29.72,,
13.5,122.5,2025,OCT,30.1,26.64,12.39,83.85,17.13,3.63,28.62,3.23,1.0
14.5,122.5,2025,OCT,29.55,27.21,14.19,83.63,15.43,4.47,29.02,3.21,1.0
15.5,122.5,2025,OCT,29.76,27.27,10.2,83.4,16.27,4.85,29.44,,
13.5,122.5,1990,NOV,29.3,24.86,12.09,83.57,16.05,5.22,27.42,4.26,0.99
14.5,122.5,1990,NOV,29.08,25.31,13.36,83.45,14.66,6.17,27.53,4.43,1.0
15.5,122.5,1990,NOV,28.82,25.33,8.1,82.71,15.4,6.74,27.81,,
13.5,122.5,1991,NOV,28.85,24.39,8.69,83.76,15.77,5.52,26.75,3.78,0.89
14.5,122.5,1991,NOV,28.02,25.31,8.9,83.69,15.36,6.51,26.77,4.01,0.98
15.5,122.5,1991,NOV,27.61,25.18,4.33,83.2,16.02,7.14,26.92,,
13.5,122.5,1992,NOV,28.8,23.82,10.22,82.38,16.02,6.34,26.45,4.66,0.96
14.5,122.5,1992,NOV,27.85,25.13,9.05,80.52,14.47,7.54,27.19,4.8,0.98
15.5,122.5,1992,NOV,27.82,25.0,4.52,80.65,14.8,7.99,27.11,,
13.5,122.5,1993,NOV,28.96,25.29,12.37,86.73,15.26,5.46,27.16,3.32,0.99
14.5,122.5,1993,NOV,28.35,25.84,14.47,85.78,14.16,6.55,27.4,3.66,1.0
15.5,122.5,1993,NOV,27.95,25.65,9.26,86.12,14.32,6.85,27.26,,
13.5,122.5,1994,NOV,29.28,24.16,4.1,80.57,17.94,6.15,27.04,4.6,0.87
14.5,122.5,1994,NOV,27.72,25.64,3.44,80.22,16.89,6.91,27.32,4.4,0.91
15.5,122.5,1994,NOV,27.31,25.59,1.88,80.07,17.81,6.82,27.08,,
13.5,122.5,1995,NOV,29.85,25.49,14.53,85.28,14.67,5.37,27.74,3.71,0.99
14.5,122.5,1995,NOV,29.04,26.56,20.37,84.5,13.46,6.38,27.9,3.92,0.99
15.5,122.5,1995,NOV,28.68,26.41,11.55,83.68,14.01,6.77,28.07,,
13.5,122.5,1996,NOV,29.89,26.05,14.55,83.66,14.22,5.94,28.04,3.74,0.99
14.5,122.5,1996,NOV,29.49,26.76,17.01,81.99,13.37,6.9,28.3,4.2,1.0
15.5,122.5,1996,NOV,29.35,26.88,11.81,81.73,13.78,7.34,28.37,,
13.5,122.5,1997,NOV,30.55,24.65,4.95,78.72,16.97,4.67,28.06,4.1,0.8
14.5,122.5,1997,NOV,29.0,25.95,4.54,79.11,16.35,5.32,28.06,4.12,0.9
15.5,122.5,1997,NOV,28.48,26.4,2.31,79.2,17.42,5.27,27.8,,
13.5,122.5,1998,NOV,30.45,26.09,8.95,84.19,15.71,3.91,28.52,2.94,0.99
14.5,122.5,1998,NOV,29.16,26.43,12.45,84.87,14.01,4.65,28.48,2.95,1.0
15.5,122.5,1998,NOV,29.04,26.69,9.4,83.96,14.0,4.94,28.66,,
13.5,122.5,1999,NOV,29.87,24.64,13.57,84.63,13.75,5.55,27.27,3.7,0.99
14.5,122.5,1999,NOV,29.1,25.94,22.43,83.13,12.92,6.57,27.42,4.35,1.0
15.5,122.5,1999,NOV,29.14,26.06,12.84,81.86,14.14,7.09,27.76,,
13.5,122.5,2000,NOV,29.73,25.56,12.68,84.9,15.16,5.34,27.6,3.66,0.99
14.5,122.5,2000,NOV,28.85,25.88,15.52,83.88,14.21,6.13,27.78,3.8,1.0
15.5,122.5,2000,NOV,28.81,26.48,10.77,82.75,13.95,6.54,28.12,,
13.5,122.5,2001,NOV,29.84,23.77,12.58,84.53,14.06,6.68,27.02,4.17,0.99
14.5,122.5,2001,NOV,29.12,25.08,14.72,81.54,13.3,7.45,27.63,4.49,0.99
15.5,122.5,2001,NOV,28.52,25.31,7.25,80.48,15.19,7.75,27.87,,
13.5,122.5,2002,NOV,29.61,25.24,11.68,83.06,15.21,5.24,27.76,3.76,0.99
14.5,122.5,2002,NOV,28.84,26.27,19.06,81.77,13.25,6.12,28.28,3.89,1.0
15.5,122.5,2002,NOV,29.02,26.41,10.98,81.28,13.38,6.5,28.41,,
13.5,122.5,2003,NOV,29.61,24.7,7.03,83.13,16.4,5.26,27.72,4.04,0.97
14.5,122.5,2003,NOV,29.24,26.16,9.28,82.35,15.0,6.1,28.19,4.34,0.99
15.5,122.5,2003,NOV,28.84,26.21,5.24,82.45,15.6,6.39,28.29,,
13.5,122.5,2004,NOV,29.26,25.27,15.22,87.08,14.41,6.01,26.94,3.87,0.97
14.5,122.5,2004,NOV,28.38,26.02,20.39,86.53,11.41,7.38,27.25,4.0,0.99
15.5,122.5,2004,NOV,27.93,26.08,14.98,85.09,11.66,8.12,27.27,,
13.5,122.5,2005,NOV,29.98,24.9,7.57,84.07,15.33,4.68,27.79,3.79,0.97
14.5,122.5,2005,NOV,28.89,25.52,15.81,83.73,13.23,5.64,27.86,4.05,1.0
15.5,122.5,2005,NOV,28.72,26.19,15.26,82.65,13.6,6.19,28.17,,
13.5,122.5,2006,NOV,29.94,25.78,7.28,81.23,17.38,4.1,28.23,3.72,0.95
14.5,122.5,2006,NOV,29.14,26.91,8.06,81.11,16.02,5.04,28.51,3.75,0.99
15.5,122.5,2006,NOV,29.01,27.07,7.37,81.66,16.06,5.05,28.57,,
13.5,122.5,2007,NOV,29.33,24.31,20.41,85.32,12.21,5.94,27.31,3.67,0.99
14.5,122.5,2007,NOV,28.66,25.28,27.23,83.53,11.77,7.12,27.74,4.15,1.0
15.5,122.5,2007,NOV,28.46,25.13,17.65,83.35,12.53,7.84,27.86,,
13.5,122.5,2008,NOV,29.97,26.24,13.41,84.65,15.64,4.85,27.95,3.42,0.99
14.5,122.5,2008,NOV,29.18,26.79,17.71,83.12,13.2,5.73,28.24,3.74,1.0
15.5,122.5,2008,NOV,29.36,26.77,14.56,81.65,13.82,6.11,28.66,,
13.5,122.5,2009,NOV,29.74,25.15,8.77,83.21,16.21,4.97,27.59,4.53,0.97
14.5,122.5,2009,NOV,28.49,26.4,8.38,82.32,15.25,5.78,27.86,4.48,0.98
15.5,122.5,2009,NOV,28.44,26.68,5.22,81.4,16.05,6.16,28.18,,
13.5,122.5,2010,NOV,29.52,25.86,16.28,84.56,15.03,3.82,27.87,2.99,1.0
14.5,122.5,2010,NOV,29.6,26.64,22.03,83.78,12.41,4.91,28.26,3.18,1.0
15.5,122.5,2010,NOV,28.69,26.6,14.11,83.59,12.47,5.43,28.59,,
13.5,122.5,2011,NOV,29.78,25.64,14.73,84.45,14.55,4.42,27.79,3.27,0.99
14.5,122.5,2011,NOV,29.33,25.67,19.89,83.88,12.45,5.45,27.96,3.37,1.0
15.5,122.5,2011,NOV,29.07,26.45,14.93,83.22,13.61,6.09,28.36,,
13.5,122.5,2012,NOV,29.87,25.47,5.86,82.06,17.48,4.62,27.93,4.24,0.96
14.5,122.5,2012,NOV,28.9,26.92,6.72,79.9,16.56,5.29,28.32,4.32,0.97
15.5,122.5,2012,NOV,28.76,26.81,3.57,78.83,17.76,4.89,28.61,,
13.5,122.5,2013,NOV,29.74,25.68,15.47,84.83,15.58,5.66,27.51,3.88,0.98
14.5,122.5,2013,NOV,29.19,26.44,17.68,83.3,14.07,6.52,27.87,4.2,0.99
15.5,122.5,2013,NOV,28.65,26.4,10.73,82.65,14.53,6.38,28.04,,
13.5,122.5,2014,NOV,29.95,24.82,9.27,84.52,16.11,5.11,27.43,3.88,0.97
14.5,122.5,2014,NOV,28.95,26.24,11.28,83.16,14.32,5.93,27.73,4.16,0.99
15.5,122.5,2014,NOV,28.8,26.31,6.26,82.26,14.99,6.22,27.89,,
13.5,122.5,2015,NOV,30.32,26.26,7.45,81.11,17.95,5.57,28.3,4.44,0.89
14.5,122.5,2015,NOV,29.43,27.1,4.87,80.72,16.8,6.26,28.48,4.15,0.9
15.5,122.5,2015,NOV,29.2,27.12,1.88,80.49,17.7,6.13,28.54,,
13.5,122.5,2016,NOV,29.74,25.42,15.46,84.01,14.65,5.47,27.65,4.12,0.99
14.5,122.5,2016,NOV,28.97,26.8,12.81,81.7,13.58,6.41,28.12,4.42,0.99
15.5,122.5,2016,NOV,28.74,26.8,7.86,80.91,15.2,6.59,28.33,,
13.5,122.5,2017,NOV,30.1,26.15,15.89,84.55,15.47,5.35,28.19,3.95,0.99
14.5,122.5,2017,NOV,29.16,27.11,14.91,83.42,13.53,6.21,28.47,4.13,1.0
15.5,122.5,2017,NOV,28.98,27.39,10.77,83.2,13.86,6.14,28.71,,
13.5,122.5,2018,NOV,30.35,25.41,7.81,81.55,17.57,5.55,27.9,4.33,0.88
14.5,122.5,2018,NOV,29.0,26.49,5.35,80.37,15.95,6.35,28.36,4.16,0.9
15.5,122.5,2018,NOV,29.03,26.59,2.35,79.7,17.09,6.19,28.44,,
13.5,122.5,2019,NOV,29.48,25.42,7.98,82.71,15.11,4.57,28.02,3.33,0.98
14.5,122.5,2019,NOV,29.69,26.53,10.72,81.87,13.61,5.21,28.45,3.42,0.99
15.5,122.5,2019,NOV,29.28,26.86,7.68,81.37,13.34,5.42,28.9,,
13.5,122.5,2020,NOV,29.59,26.1,24.55,84.68,14.62,5.7,27.76,3.8,0.99
14.5,122.5,2020,NOV,29.19,27.0,33.2,82.71,13.35,6.87,28.35,4.2,1.0
15.5,122.5,2020,NOV,29.06,27.03,18.94,81.54,13.94,7.27,28.64,,
13.5,122.5,2021,NOV,29.87,26.38,10.31,84.45,16.64,4.95,28.24,3.54,0.98
14.5,122.5,2021,NOV,28.98,27.53,8.0,82.83,13.87,5.81,28.6,3.72,0.98
15.5,122.5,2021,NOV,29.15,27.62,4.66,81.86,14.85,5.74,28.9,,
13.5,122.5,2022,NOV,30.26,26.25,9.29,84.58,16.23,4.67,28.21,3.4,0.99
14.5,122.5,2022,NOV,29.54,27.07,10.46,83.28,13.95,5.39,28.56,3.4,1.0
15.5,122.5,2022,NOV,29.3,27.6,7.12,81.64,14.36,5.27,28.95,,
13.5,122.5,2023,NOV,30.7,25.0,15.51,85.0,14.66,5.5,28.21,4.0,0.99
14.5,122.5,2023,NOV,29.6,27.08,11.44,82.94,14.11,6.51,28.67,4.23,0.99
15.5,122.5,2023,NOV,29.48,27.25,5.52,81.97,14.38,6.79,29.13,,
13.5,122.5,2024,NOV,30.11,26.18,7.28,83.62,16.62,4.74,28.37,4.07,0.97
14.5,122.5,2024,NOV,30.06,26.65,10.52,83.5,15.22,5.8,28.72,4.1,0.98
15.5,122.5,2024,NOV,29.43,27.1,9.72,83.41,15.75,6.29,28.82,,
13.5,122.5,2025,NOV,29.95,26.17,18.69,85.12,14.89,5.34,28.25,3.62,1.0
14.5,122.5,2025,NOV,30.03,27.22,17.37,84.18,13.84,6.27,28.7,3.82,1.0
15.5,122.5,2025,NOV,29.82,27.3,14.11,83.77,13.65,6.62,28.95,,
13.5,122.5,1990,DEC,28.74,23.67,6.62,83.24,15.75,6.29,26.2,4.48,0.95
14.5,122.5,1990,DEC,27.24,24.9,7.51,81.82,13.74,7.42,26.65,4.55,0.97
15.5,122.5,1990,DEC,26.98,24.83,4.21,81.81,13.91,7.57,26.84,,
13.5,122.5,1991,DEC,28.13,23.74,7.19,82.97,15.51,6.16,25.92,4.43,0.95
14.5,122.5,1991,DEC,27.28,24.87,5.77,80.56,13.84,7.26,26.36,4.4,0.96
15.5,122.5,1991,DEC,26.86,24.67,2.13,79.82,15.11,7.32,26.24,,
13.5,122.5,1992,DEC,28.86,23.78,6.24,80.58,15.88,6.17,26.28,4.46,0.93
14.5,122.5,1992,DEC,27.49,25.17,3.97,78.7,15.19,7.08,26.87,4.18,0.91
15.5,122.5,1992,DEC,27.17,25.4,2.03,78.59,15.6,6.84,26.89,,
13.5,122.5,1993,DEC,28.84,23.93,22.97,87.33,12.52,6.69,26.06,3.77,1.0
14.5,122.5,1993,DEC,28.08,24.29,25.47,85.98,11.02,7.89,26.19,4.08,1.0
15.5,122.5,1993,DEC,27.59,24.51,13.53,83.63,11.23,8.4,26.72,,
13.5,122.5,1994,DEC,28.85,23.22,7.62,80.44,15.05,6.02,26.04,3.94,0.84
14.5,122.5,1994,DEC,27.79,24.79,9.97,78.12,14.51,7.13,26.75,3.87,0.9
15.5,122.5,1994,DEC,27.35,25.02,3.75,78.15,15.38,7.08,26.68,,
13.5,122.5,1995,DEC,28.04,23.13,22.66,87.12,11.56,7.02,26.07,3.2,1.0
14.5,122.5,1995,DEC,27.22,24.37,30.59,84.41,8.96,8.66,26.32,3.73,1.0
15.5,122.5,1995,DEC,27.53,24.7,16.71,82.14,9.31,9.25,26.96,,
13.5,122.5,1996,DEC,28.82,22.38,6.45,79.75,14.28,7.12,26.0,4.89,0.96
14.5,122.5,1996,DEC,27.83,24.3,7.59,75.58,14.2,8.02,26.84,4.97,0.97
15.5,122.5,1996,DEC,28.06,24.73,3.4,74.39,14.24,8.14,27.5,,
13.5,122.5,1997,DEC,29.56,23.82,5.52,79.3,16.21,5.53,26.87,4.1,0.83
14.5,122.5,1997,DEC,28.57,25.19,4.89,77.23,14.99,6.35,27.38,3.97,0.88
15.5,122.5,1997,DEC,28.4,25.56,2.01,76.95,15.74,6.37,27.58,,
13.5,122.5,1998,DEC,29.41,25.66,23.08,86.17,13.28,5.74,27.5,3.38,0.99
14.5,122.5,1998,DEC,28.73,26.44,29.17,84.74,11.52,6.81,27.7,3.65,1.0
15.5,122.5,1998,DEC,28.77,26.26,16.13,82.64,11.72,7.4,28.17,,
13.5,122.5,1999,DEC,28.87,23.36,15.38,87.92,13.48,5.88,26.53,2.96,1.0
14.5,122.5,1999,DEC,28.03,24.03,23.76,86.29,11.4,7.12,26.71,3.33,1.0
15.5,122.5,1999,DEC,28.42,23.79,12.74,84.49,11.67,7.73,27.27,,
13.5,122.5,2000,DEC,29.3,25.28,16.49,85.85,14.25,5.67,27.32,3.57,1.0
14.5,122.5,2000,DEC,28.26,25.73,23.55,85.72,11.93,6.77,27.19,3.69,1.0
15.5,122.5,2000,DEC,28.11,25.89,13.74,83.92,12.02,7.32,27.45,,
13.5,122.5,2001,DEC,28.92,23.19,12.86,83.29,14.25,7.06,26.32,4.58,0.98
14.5,122.5,2001,DEC,27.8,24.32,14.72,80.45,13.14,8.24,26.9,4.81,0.99
15.5,122.5,2001,DEC,27.71,24.44,5.43,79.35,13.75,8.24,27.11,,
13.5,122.5,2002,DEC,29.15,24.77,7.35,84.09,15.85,4.95,26.94,4.03,0.96
14.5,122.5,2002,DEC,28.4,25.95,8.46,81.57,14.44,5.95,27.44,4.34,0.98
15.5,122.5,2002,DEC,28.25,26.17,3.2,79.98,14.85,5.89,27.76,,
13.5,122.5,2003,DEC,28.58,23.71,5.42,81.27,13.36,7.28,25.96,4.22,0.92
14.5,122.5,2003,DEC,27.68,24.51,10.08,78.44,11.98,8.31,26.8,4.64,0.98
15.5,122.5,2003,DEC,27.54,24.03,4.5,77.29,13.03,8.5,26.98,,
13.5,122.5,2004,DEC,28.2,24.18,6.62,85.82,14.01,6.21,25.96,4.05,0.95
14.5,122.5,2004,DEC,27.13,25.06,9.77,84.41,12.47,7.05,26.14,3.97,0.96
15.5,122.5,2004,DEC,26.57,24.89,6.65,83.15,13.96,7.42,26.09,,
13.5,122.5,2005,DEC,29.4,23.72,23.29,87.32,11.4,6.47,26.58,3.17,1.0
14.5,122.5,2005,DEC,27.92,24.32,31.54,85.58,9.75,7.53,26.94,3.56,1.0
15.5,122.5,2005,DEC,28.05,24.09,15.71,83.81,11.08,8.05,27.41,,
13.5,122.5,2006,DEC,29.44,24.77,14.52,86.59,13.57,6.03,26.83,3.8,0.98
14.5,122.5,2006,DEC,29.08,25.56,16.53,84.28,11.44,7.09,27.36,3.9,1.0
15.5,122.5,2006,DEC,28.65,25.41,9.83,82.66,12.18,7.52,27.77,,
13.5,122.5,2007,DEC,28.45,24.27,14.52,88.07,13.68,5.65,26.24,3.63,0.99
14.5,122.5,2007,DEC,27.54,25.4,15.38,86.41,11.7,6.62,26.6,3.87,0.99
15.5,122.5,2007,DEC,27.57,25.22,7.1,84.14,12.65,6.92,26.79,,
13.5,122.5,2008,DEC,28.54,24.2,17.54,85.66,11.89,6.79,26.57,3.8,0.99
14.5,122.5,2008,DEC,27.86,25.45,21.78,82.39,9.43,8.0,26.93,4.37,1.0
15.5,122.5,2008,DEC,27.88,25.72,8.78,80.18,11.05,8.58,27.56,,
13.5,122.5,2009,DEC,28.47,23.22,3.58,80.27,15.39,5.73,26.07,4.29,0.91
14.5,122.5,2009,DEC,27.52,24.85,3.55,77.33,14.67,6.39,26.75,4.07,0.93
15.5,122.5,2009,DEC,27.53,25.26,1.56,76.46,15.65,6.53,27.23,,
13.5,122.5,2010,DEC,29.3,24.41,17.77,86.19,13.15,5.61,26.98,3.28,1.0
14.5,122.5,2010,DEC,28.63,25.21,17.97,83.62,11.24,6.5,27.26,3.6,1.0
15.5,122.5,2010,DEC,28.45,25.12,6.78,82.17,12.53,6.84,27.78,,
13.5,122.5,2011,DEC,29.34,24.74,16.21,85.89,13.41,5.26,27.04,3.6,0.99
14.5,122.5,2011,DEC,28.34,25.43,22.39,84.27,11.98,6.25,27.23,3.83,1.0
15.5,122.5,2011,DEC,28.48,25.3,12.1,83.23,11.6,6.72,27.58,,
13.5,122.5,2012,DEC,30.06,24.78,8.5,82.75,14.6,5.39,27.42,3.75,0.92
14.5,122.5,2012,DEC,28.72,26.01,10.88,81.23,13.44,6.41,27.85,3.83,0.96
15.5,122.5,2012,DEC,28.73,25.66,6.71,80.23,14.51,6.45,28.19,,
13.5,122.5,2013,DEC,28.92,25.08,11.85,86.07,14.27,4.85,27.14,3.46,1.0
14.5,122.5,2013,DEC,28.3,25.79,15.37,84.85,11.96,5.83,27.28,3.68,1.0
15.5,122.5,2013,DEC,27.83,25.56,10.42,83.84,11.52,6.2,27.52,,
13.5,122.5,2014,DEC,29.14,24.44,17.83,87.15,11.96,7.02,26.43,3.87,0.99
14.5,122.5,2014,DEC,28.14,25.28,19.8,84.89,10.22,7.94,26.88,4.18,1.0
15.5,122.5,2014,DEC,28.16,25.33,9.85,83.51,11.59,8.03,27.15,,
13.5,122.5,2015,DEC,29.53,24.82,13.75,83.77,15.25,5.86,27.17,4.16,0.95
14.5,122.5,2015,DEC,28.63,26.21,15.67,81.81,14.16,6.64,27.7,4.08,0.95
15.5,122.5,2015,DEC,28.56,26.17,10.54,80.85,14.37,6.45,27.98,,
13.5,122.5,2016,DEC,29.17,25.27,17.56,86.01,13.56,5.78,27.25,3.75,0.99
14.5,122.5,2016,DEC,28.28,26.51,18.5,84.36,11.81,6.87,27.61,3.93,1.0
15.5,122.5,2016,DEC,28.45,26.47,7.82,83.17,12.73,7.18,27.87,,
13.5,122.5,2017,DEC,30.09,24.79,20.87,86.36,12.74,6.26,27.23,3.56,1.0
14.5,122.5,2017,DEC,28.69,25.93,18.42,84.0,11.19,7.7,27.62,3.95,1.0
15.5,122.5,2017,DEC,28.77,26.06,7.35,82.49,11.57,8.2,27.95,,
13.5,122.5,2018,DEC,29.76,25.28,20.6,84.77,14.13,6.24,27.05,3.74,0.93
14.5,122.5,2018,DEC,28.71,25.3,17.21,82.27,12.57,7.23,27.75,3.72,0.93
15.5,122.5,2018,DEC,28.52,25.27,7.44,81.72,12.97,7.2,28.07,,
13.5,122.5,2019,DEC,29.07,24.96,11.3,84.18,15.06,5.96,27.02,4.14,0.97
14.5,122.5,2019,DEC,28.4,26.37,11.46,82.83,13.77,6.9,27.61,4.12,0.98
15.5,122.5,2019,DEC,28.31,26.31,7.01,82.51,14.57,7.12,28.04,,
13.5,122.5,2020,DEC,29.56,25.24,18.67,86.6,13.74,5.05,27.44,3.08,1.0
14.5,122.5,2020,DEC,28.59,25.91,25.52,84.63,12.15,6.03,27.8,3.33,1.0
15.5,122.5,2020,DEC,28.69,25.41,18.1,83.73,12.08,6.3,28.28,,
13.5,122.5,2021,DEC,29.45,24.41,9.26,83.53,13.73,7.0,26.81,4.28,0.98
14.5,122.5,2021,DEC,28.85,25.85,9.3,80.68,12.48,7.87,27.44,4.36,0.98
15.5,122.5,2021,DEC,28.71,25.99,4.14,79.26,12.95,8.1,27.85,,
13.5,122.5,2022,DEC,29.92,23.78,15.46,84.43,12.87,5.79,27.18,3.47,0.99
14.5,122.5,2022,DEC,29.06,24.77,18.62,82.21,10.86,6.81,27.8,3.81,1.0
15.5,122.5,2022,DEC,29.04,24.73,7.86,80.96,11.05,7.32,28.34,,
13.5,122.5,2023,DEC,29.78,25.72,11.3,84.64,16.27,5.2,27.59,4.47,0.98
14.5,122.5,2023,DEC,28.75,26.27,10.53,83.02,14.04,6.29,28.06,4.45,0.98
15.5,122.5,2023,DEC,28.89,25.97,4.14,82.49,14.71,6.5,28.41,,
13.5,122.5,2024,DEC,29.87,25.83,24.74,87.39,12.42,5.8,27.58,3.78,1.0
14.5,122.5,2024,DEC,28.56,26.29,21.95,85.7,10.39,6.92,27.73,3.89,1.0
15.5,122.5,2024,DEC,28.62,26.52,7.26,84.16,11.27,7.41,27.94,,
13.5,122.5,2025,DEC,29.85,25.6,13.24,85.04,14.22,5.71,27.42,3.85,0.99
14.5,122.5,2025,DEC,28.94,26.29,16.8,82.73,11.91,6.53,27.83,4.08,1.0
15.5,122.5,2025,DEC,29.07,26.53,6.63,81.73,11.83,6.85,28.26,,
